"SKU","产品名称","材质","提示词 (Prompt)"
"titanium-3d-printed-ergonomic-mouse","Titanium 3D-Printed Ergonomic Mouse","Grade 5 Ti-6Al-4V","High-quality 3D product rendering of a Titanium 3D-Printed Ergonomic Mouse component, precision CNC machined from Grade 5 Ti-6Al-4V , isolated on pure white background, studio lighting, soft shadows, photorealistic, sharp focus, professional product photography, detailed surface texture showing CNC machining marks, 8K resolution, clean aesthetic, commercial product shot"
"titanium-acetabular-cup","Titanium Acetabular Cup","Ti-6Al-4V ELI (ASTM F136)","High-quality 3D product rendering of a Titanium Acetabular Cup component, precision CNC machined from Ti-6Al-4V ELI (ASTM F136) , isolated on pure white background, studio lighting, soft shadows, photorealistic, sharp focus, professional product photography, detailed surface texture showing CNC machining marks, 8K resolution, clean aesthetic, commercial product shot"
"titanium-acoustic-waveguide-extension","Titanium Acoustic Waveguide Extension","Grade 5 Ti-6Al-4V (Triaxially Forged)","High-quality 3D product rendering of a Titanium Acoustic Waveguide Extension component, precision CNC machined from Grade 5 Ti-6Al-4V (Triaxially Forged) , isolated on pure white background, studio lighting, soft shadows, photorealistic, sharp focus, professional product photography, detailed surface texture showing CNC machining marks, 8K resolution, clean aesthetic, commercial product shot"
"titanium-action-camera-lens-bezel","Titanium Action Camera Lens Bezel","Grade 5 Ti-6Al-4V","High-quality 3D product rendering of a Titanium Action Camera Lens Bezel component, precision CNC machined from Grade 5 Ti-6Al-4V , isolated on pure white background, studio lighting, soft shadows, photorealistic, sharp focus, professional product photography, detailed surface texture showing CNC machining marks, 8K resolution, clean aesthetic, commercial product shot"
"titanium-air-sparger-pipe","Titanium Air Sparger Pipe","Grade 2 CP-Ti","High-quality 3D product rendering of a Titanium Air Sparger Pipe component, precision CNC machined from Grade 2 CP-Ti , isolated on pure white background, studio lighting, soft shadows, photorealistic, sharp focus, professional product photography, detailed surface texture showing CNC machining marks, 8K resolution, clean aesthetic, commercial product shot"
"titanium-anode-basket-bottom-plate","Titanium Anode Basket Bottom Plate","Grade 2 CP-Ti","High-quality 3D product rendering of a Titanium Anode Basket Bottom Plate component, precision CNC machined from Grade 2 CP-Ti , isolated on pure white background, studio lighting, soft shadows, photorealistic, sharp focus, professional product photography, detailed surface texture showing CNC machining marks, 8K resolution, clean aesthetic, commercial product shot"
"titanium-anode-basket-expanded-mesh","Titanium Anode Basket (Expanded Mesh)","Grade 2 CP-Ti","High-quality 3D product rendering of a Titanium Anode Basket (Expanded Mesh) component, precision CNC machined from Grade 2 CP-Ti , isolated on pure white background, studio lighting, soft shadows, photorealistic, sharp focus, professional product photography, detailed surface texture showing CNC machining marks, 8K resolution, clean aesthetic, commercial product shot"
"titanium-anode-basket-hook","Titanium Anode Basket Hook","Grade 2 CP-Ti","High-quality 3D product rendering of a Titanium Anode Basket Hook component, precision CNC machined from Grade 2 CP-Ti , isolated on pure white background, studio lighting, soft shadows, photorealistic, sharp focus, professional product photography, detailed surface texture showing CNC machining marks, 8K resolution, clean aesthetic, commercial product shot"
"titanium-anode-basket-stiffener-rib","Titanium Anode Basket Stiffener Rib","Grade 2 CP-Ti","High-quality 3D product rendering of a Titanium Anode Basket Stiffener Rib component, precision CNC machined from Grade 2 CP-Ti , isolated on pure white background, studio lighting, soft shadows, photorealistic, sharp focus, professional product photography, detailed surface texture showing CNC machining marks, 8K resolution, clean aesthetic, commercial product shot"
"titanium-anti-roll-bar-droplink","Titanium Anti-Roll Bar Droplink","Grade 5 Ti-6Al-4V","High-quality 3D product rendering of a Titanium Anti-Roll Bar Droplink component, precision CNC machined from Grade 5 Ti-6Al-4V , isolated on pure white background, studio lighting, soft shadows, photorealistic, sharp focus, professional product photography, detailed surface texture showing CNC machining marks, 8K resolution, clean aesthetic, commercial product shot"
"titanium-auv-propeller-shaft","Titanium AUV Propeller Shaft","Grade 5 Ti-6Al-4V ELI","High-quality 3D product rendering of a Titanium AUV Propeller Shaft component, precision CNC machined from Grade 5 Ti-6Al-4V ELI , isolated on pure white background, studio lighting, soft shadows, photorealistic, sharp focus, professional product photography, detailed surface texture showing CNC machining marks, 8K resolution, clean aesthetic, commercial product shot"
"titanium-ball-valve-stem","Titanium Ball Valve Stem","Grade 2 CP-Ti","High-quality 3D product rendering of a Titanium Ball Valve Stem component, precision CNC machined from Grade 2 CP-Ti , isolated on pure white background, studio lighting, soft shadows, photorealistic, sharp focus, professional product photography, detailed surface texture showing CNC machining marks, 8K resolution, clean aesthetic, commercial product shot"
"titanium-ballistic-armor-plate","Titanium Ballistic Armor Plate","Grade 5 Ti-6Al-4V","High-quality 3D product rendering of a Titanium Ballistic Armor Plate component, precision CNC machined from Grade 5 Ti-6Al-4V , isolated on pure white background, studio lighting, soft shadows, photorealistic, sharp focus, professional product photography, detailed surface texture showing CNC machining marks, 8K resolution, clean aesthetic, commercial product shot"
"titanium-bell-crank-rocker-arm","Titanium Bell Crank Rocker Arm","Grade 5 Ti-6Al-4V","High-quality 3D product rendering of a Titanium Bell Crank Rocker Arm component, precision CNC machined from Grade 5 Ti-6Al-4V , isolated on pure white background, studio lighting, soft shadows, photorealistic, sharp focus, professional product photography, detailed surface texture showing CNC machining marks, 8K resolution, clean aesthetic, commercial product shot"
"titanium-bleed-air-duct","Titanium Bleed Air Duct","Grade 9 Ti-3Al-2.5V","High-quality 3D product rendering of a Titanium Bleed Air Duct component, precision CNC machined from Grade 9 Ti-3Al-2.5V , isolated on pure white background, studio lighting, soft shadows, photorealistic, sharp focus, professional product photography, detailed surface texture showing CNC machining marks, 8K resolution, clean aesthetic, commercial product shot"
"titanium-blind-flange-asme-b165","Titanium Blind Flange (ASME B16.5)","Grade 2 CP-Ti","High-quality 3D product rendering of a Titanium Blind Flange (ASME B16.5) component, precision CNC machined from Grade 2 CP-Ti , isolated on pure white background, studio lighting, soft shadows, photorealistic, sharp focus, professional product photography, detailed surface texture showing CNC machining marks, 8K resolution, clean aesthetic, commercial product shot"
"titanium-bone-plate","Titanium Bone Plate","Ti-6Al-4V ELI (ASTM F136)","High-quality 3D product rendering of a Titanium Bone Plate component, precision CNC machined from Ti-6Al-4V ELI (ASTM F136) , isolated on pure white background, studio lighting, soft shadows, photorealistic, sharp focus, professional product photography, detailed surface texture showing CNC machining marks, 8K resolution, clean aesthetic, commercial product shot"
"titanium-bone-screw","Titanium Bone Screw","Ti-6Al-4V ELI (ASTM F136)","High-quality 3D product rendering of a Titanium Bone Screw component, precision CNC machined from Ti-6Al-4V ELI (ASTM F136) , isolated on pure white background, studio lighting, soft shadows, photorealistic, sharp focus, professional product photography, detailed surface texture showing CNC machining marks, 8K resolution, clean aesthetic, commercial product shot"
"titanium-bottom-bracket-shell","Titanium Bottom Bracket Shell","Grade 5 Ti-6Al-4V","High-quality 3D product rendering of a Titanium Bottom Bracket Shell component, precision CNC machined from Grade 5 Ti-6Al-4V , isolated on pure white background, studio lighting, soft shadows, photorealistic, sharp focus, professional product photography, detailed surface texture showing CNC machining marks, 8K resolution, clean aesthetic, commercial product shot"
"titanium-bottom-bracket-spindle","Titanium Bottom Bracket Spindle","Grade 5 Ti-6Al-4V","High-quality 3D product rendering of a Titanium Bottom Bracket Spindle component, precision CNC machined from Grade 5 Ti-6Al-4V , isolated on pure white background, studio lighting, soft shadows, photorealistic, sharp focus, professional product photography, detailed surface texture showing CNC machining marks, 8K resolution, clean aesthetic, commercial product shot"
"titanium-brake-bleed-port-screw","Titanium Brake Bleed Port Screw","Grade 5 Ti-6Al-4V","High-quality 3D product rendering of a Titanium Brake Bleed Port Screw component, precision CNC machined from Grade 5 Ti-6Al-4V , isolated on pure white background, studio lighting, soft shadows, photorealistic, sharp focus, professional product photography, detailed surface texture showing CNC machining marks, 8K resolution, clean aesthetic, commercial product shot"
"titanium-brake-caliper-mounting-bolt","Titanium Brake Caliper Mounting Bolt","Grade 5 Ti-6Al-4V","High-quality 3D product rendering of a Titanium Brake Caliper Mounting Bolt component, precision CNC machined from Grade 5 Ti-6Al-4V , isolated on pure white background, studio lighting, soft shadows, photorealistic, sharp focus, professional product photography, detailed surface texture showing CNC machining marks, 8K resolution, clean aesthetic, commercial product shot"
"titanium-brake-caliper-piston-insert","Titanium Brake Caliper Piston Insert","Grade 5 Ti-6Al-4V","High-quality 3D product rendering of a Titanium Brake Caliper Piston Insert component, precision CNC machined from Grade 5 Ti-6Al-4V , isolated on pure white background, studio lighting, soft shadows, photorealistic, sharp focus, professional product photography, detailed surface texture showing CNC machining marks, 8K resolution, clean aesthetic, commercial product shot"
"titanium-brake-lever-pivot-pin","Titanium Brake Lever Pivot Pin","Grade 5 Ti-6Al-4V","High-quality 3D product rendering of a Titanium Brake Lever Pivot Pin component, precision CNC machined from Grade 5 Ti-6Al-4V , isolated on pure white background, studio lighting, soft shadows, photorealistic, sharp focus, professional product photography, detailed surface texture showing CNC machining marks, 8K resolution, clean aesthetic, commercial product shot"
"titanium-brake-pad-retaining-pin","Titanium Brake Pad Retaining Pin","Grade 5 Ti-6Al-4V","High-quality 3D product rendering of a Titanium Brake Pad Retaining Pin component, precision CNC machined from Grade 5 Ti-6Al-4V , isolated on pure white background, studio lighting, soft shadows, photorealistic, sharp focus, professional product photography, detailed surface texture showing CNC machining marks, 8K resolution, clean aesthetic, commercial product shot"
"titanium-brake-rotor-disc","Titanium Brake Rotor (Disc)","Grade 5 Ti-6Al-4V","High-quality 3D product rendering of a Titanium Brake Rotor (Disc) component, precision CNC machined from Grade 5 Ti-6Al-4V , isolated on pure white background, studio lighting, soft shadows, photorealistic, sharp focus, professional product photography, detailed surface texture showing CNC machining marks, 8K resolution, clean aesthetic, commercial product shot"
"titanium-camber-adjustment-shim","Titanium Camber Adjustment Shim","Grade 5 Ti-6Al-4V","High-quality 3D product rendering of a Titanium Camber Adjustment Shim component, precision CNC machined from Grade 5 Ti-6Al-4V , isolated on pure white background, studio lighting, soft shadows, photorealistic, sharp focus, professional product photography, detailed surface texture showing CNC machining marks, 8K resolution, clean aesthetic, commercial product shot"
"titanium-camera-hot-shoe-mount","Titanium Camera Hot Shoe Mount","Grade 5 Ti-6Al-4V","High-quality 3D product rendering of a Titanium Camera Hot Shoe Mount component, precision CNC machined from Grade 5 Ti-6Al-4V , isolated on pure white background, studio lighting, soft shadows, photorealistic, sharp focus, professional product photography, detailed surface texture showing CNC machining marks, 8K resolution, clean aesthetic, commercial product shot"
"titanium-camera-lens-filter-ring","Titanium Camera Lens Filter Ring","Grade 5 Ti-6Al-4V","High-quality 3D product rendering of a Titanium Camera Lens Filter Ring component, precision CNC machined from Grade 5 Ti-6Al-4V , isolated on pure white background, studio lighting, soft shadows, photorealistic, sharp focus, professional product photography, detailed surface texture showing CNC machining marks, 8K resolution, clean aesthetic, commercial product shot"
"titanium-cardiovascular-stent","Titanium Cardiovascular Stent","Nitinol (ASTM F2063)","High-quality 3D product rendering of a Titanium Cardiovascular Stent component, precision CNC machined from Nitinol (ASTM F2063) , isolated on pure white background, studio lighting, soft shadows, photorealistic, sharp focus, professional product photography, detailed surface texture showing CNC machining marks, 8K resolution, clean aesthetic, commercial product shot"
"titanium-cassette-cog","Titanium Cassette Cog","Grade 5 Ti-6Al-4V","High-quality 3D product rendering of a Titanium Cassette Cog component, precision CNC machined from Grade 5 Ti-6Al-4V , isolated on pure white background, studio lighting, soft shadows, photorealistic, sharp focus, professional product photography, detailed surface texture showing CNC machining marks, 8K resolution, clean aesthetic, commercial product shot"
"titanium-catalyst-basket-mesh-liner","Titanium Catalyst Basket Mesh Liner","Grade 12 Ti-0.3Mo-0.8Ni","High-quality 3D product rendering of a Titanium Catalyst Basket Mesh Liner component, precision CNC machined from Grade 12 Ti-0.3Mo-0.8Ni , isolated on pure white background, studio lighting, soft shadows, photorealistic, sharp focus, professional product photography, detailed surface texture showing CNC machining marks, 8K resolution, clean aesthetic, commercial product shot"
"titanium-centering-ring-kf-iso","Titanium Centering Ring (KF/ISO)","Grade 5 Ti-6Al-4V","High-quality 3D product rendering of a Titanium Centering Ring (KF/ISO) component, precision CNC machined from Grade 5 Ti-6Al-4V , isolated on pure white background, studio lighting, soft shadows, photorealistic, sharp focus, professional product photography, detailed surface texture showing CNC machining marks, 8K resolution, clean aesthetic, commercial product shot"
"titanium-ceramic-heater-clamp-plate","Titanium Ceramic Heater Clamp Plate","Grade 2 CP-Ti (Bead Blasted)","High-quality 3D product rendering of a Titanium Ceramic Heater Clamp Plate component, precision CNC machined from Grade 2 CP-Ti (Bead Blasted) , isolated on pure white background, studio lighting, soft shadows, photorealistic, sharp focus, professional product photography, detailed surface texture showing CNC machining marks, 8K resolution, clean aesthetic, commercial product shot"
"titanium-chainring-bolt","Titanium Chainring Bolt","Grade 5 Ti-6Al-4V","High-quality 3D product rendering of a Titanium Chainring Bolt component, precision CNC machined from Grade 5 Ti-6Al-4V , isolated on pure white background, studio lighting, soft shadows, photorealistic, sharp focus, professional product photography, detailed surface texture showing CNC machining marks, 8K resolution, clean aesthetic, commercial product shot"
"titanium-chainring","Titanium Chainring","Grade 5 Ti-6Al-4V","High-quality 3D product rendering of a Titanium Chainring component, precision CNC machined from Grade 5 Ti-6Al-4V , isolated on pure white background, studio lighting, soft shadows, photorealistic, sharp focus, professional product photography, detailed surface texture showing CNC machining marks, 8K resolution, clean aesthetic, commercial product shot"
"titanium-chamber-liner-upper","Titanium Chamber Liner (Upper)","Grade 2 CP-Ti (Bead Blasted)","High-quality 3D product rendering of a Titanium Chamber Liner (Upper) component, precision CNC machined from Grade 2 CP-Ti (Bead Blasted) , isolated on pure white background, studio lighting, soft shadows, photorealistic, sharp focus, professional product photography, detailed surface texture showing CNC machining marks, 8K resolution, clean aesthetic, commercial product shot"
"titanium-chlorine-compressor-impeller","Titanium Chlorine Compressor Impeller","Grade 12 Ti-0.3Mo-0.8Ni","High-quality 3D product rendering of a Titanium Chlorine Compressor Impeller component, precision CNC machined from Grade 12 Ti-0.3Mo-0.8Ni , isolated on pure white background, studio lighting, soft shadows, photorealistic, sharp focus, professional product photography, detailed surface texture showing CNC machining marks, 8K resolution, clean aesthetic, commercial product shot"
"titanium-coilover-spring","Titanium Coilover Spring","Grade 5 Ti-6Al-4V","High-quality 3D product rendering of a Titanium Coilover Spring component, precision CNC machined from Grade 5 Ti-6Al-4V , isolated on pure white background, studio lighting, soft shadows, photorealistic, sharp focus, professional product photography, detailed surface texture showing CNC machining marks, 8K resolution, clean aesthetic, commercial product shot"
"titanium-compressor-blade","Titanium Compressor Blade","Grade 5 Ti-6Al-4V","High-quality 3D product rendering of a Titanium Compressor Blade component, precision CNC machined from Grade 5 Ti-6Al-4V , isolated on pure white background, studio lighting, soft shadows, photorealistic, sharp focus, professional product photography, detailed surface texture showing CNC machining marks, 8K resolution, clean aesthetic, commercial product shot"
"titanium-compressor-blisk","Titanium Compressor Blisk","Grade 5 Ti-6Al-4V","High-quality 3D product rendering of a Titanium Compressor Blisk component, precision CNC machined from Grade 5 Ti-6Al-4V , isolated on pure white background, studio lighting, soft shadows, photorealistic, sharp focus, professional product photography, detailed surface texture showing CNC machining marks, 8K resolution, clean aesthetic, commercial product shot"
"titanium-compressor-casing-segment","Titanium Compressor Casing Segment","Grade 5 Ti-6Al-4V","High-quality 3D product rendering of a Titanium Compressor Casing Segment component, precision CNC machined from Grade 5 Ti-6Al-4V , isolated on pure white background, studio lighting, soft shadows, photorealistic, sharp focus, professional product photography, detailed surface texture showing CNC machining marks, 8K resolution, clean aesthetic, commercial product shot"
"titanium-concentric-reducer","Titanium Concentric Reducer","Grade 2 CP-Ti","High-quality 3D product rendering of a Titanium Concentric Reducer component, precision CNC machined from Grade 2 CP-Ti , isolated on pure white background, studio lighting, soft shadows, photorealistic, sharp focus, professional product photography, detailed surface texture showing CNC machining marks, 8K resolution, clean aesthetic, commercial product shot"
"titanium-conflat-knife-edge-ring","Titanium Conflat Knife-Edge Ring","Grade 5 Ti-6Al-4V","High-quality 3D product rendering of a Titanium Conflat Knife-Edge Ring component, precision CNC machined from Grade 5 Ti-6Al-4V , isolated on pure white background, studio lighting, soft shadows, photorealistic, sharp focus, professional product photography, detailed surface texture showing CNC machining marks, 8K resolution, clean aesthetic, commercial product shot"
"titanium-connecting-rod","Titanium Connecting Rod","Grade 5 Ti-6Al-4V","High-quality 3D product rendering of a Titanium Connecting Rod component, precision CNC machined from Grade 5 Ti-6Al-4V , isolated on pure white background, studio lighting, soft shadows, photorealistic, sharp focus, professional product photography, detailed surface texture showing CNC machining marks, 8K resolution, clean aesthetic, commercial product shot"
"titanium-control-rod-seal-housing","Titanium Control Rod Seal Housing","Grade 2 CP-Ti","High-quality 3D product rendering of a Titanium Control Rod Seal Housing component, precision CNC machined from Grade 2 CP-Ti , isolated on pure white background, studio lighting, soft shadows, photorealistic, sharp focus, professional product photography, detailed surface texture showing CNC machining marks, 8K resolution, clean aesthetic, commercial product shot"
"titanium-copper-cored-busbar","Titanium Copper-Cored Busbar","Grade 2 CP-Ti","High-quality 3D product rendering of a Titanium Copper-Cored Busbar component, precision CNC machined from Grade 2 CP-Ti , isolated on pure white background, studio lighting, soft shadows, photorealistic, sharp focus, professional product photography, detailed surface texture showing CNC machining marks, 8K resolution, clean aesthetic, commercial product shot"
"titanium-cotter-pin-din-94","Titanium Cotter Pin (DIN 94)","Grade 5 Ti-6Al-4V","High-quality 3D product rendering of a Titanium Cotter Pin (DIN 94) component, precision CNC machined from Grade 5 Ti-6Al-4V , isolated on pure white background, studio lighting, soft shadows, photorealistic, sharp focus, professional product photography, detailed surface texture showing CNC machining marks, 8K resolution, clean aesthetic, commercial product shot"
"titanium-countersunk-screw-iso-10642","Titanium Countersunk Screw (ISO 10642)","Grade 5 Ti-6Al-4V","High-quality 3D product rendering of a Titanium Countersunk Screw (ISO 10642) component, precision CNC machined from Grade 5 Ti-6Al-4V , isolated on pure white background, studio lighting, soft shadows, photorealistic, sharp focus, professional product photography, detailed surface texture showing CNC machining marks, 8K resolution, clean aesthetic, commercial product shot"
"titanium-craniofacial-mesh","Titanium Craniofacial Mesh","Grade 2 CP-Ti","High-quality 3D product rendering of a Titanium Craniofacial Mesh component, precision CNC machined from Grade 2 CP-Ti , isolated on pure white background, studio lighting, soft shadows, photorealistic, sharp focus, professional product photography, detailed surface texture showing CNC machining marks, 8K resolution, clean aesthetic, commercial product shot"
"titanium-cryogenic-h2-flange-bolt","Titanium Cryogenic H2 Flange Bolt","Grade 2 CP-Ti","High-quality 3D product rendering of a Titanium Cryogenic H2 Flange Bolt component, precision CNC machined from Grade 2 CP-Ti , isolated on pure white background, studio lighting, soft shadows, photorealistic, sharp focus, professional product photography, detailed surface texture showing CNC machining marks, 8K resolution, clean aesthetic, commercial product shot"
"titanium-cryogenic-tank-clamp-band","Titanium Cryogenic Tank Clamp Band","Ti-5Al-2.5Sn ELI","High-quality 3D product rendering of a Titanium Cryogenic Tank Clamp Band component, precision CNC machined from Ti-5Al-2.5Sn ELI , isolated on pure white background, studio lighting, soft shadows, photorealistic, sharp focus, professional product photography, detailed surface texture showing CNC machining marks, 8K resolution, clean aesthetic, commercial product shot"
"titanium-deep-sea-release-hook-pin","Titanium Deep-Sea Release Hook Pin","Grade 5 Ti-6Al-4V ELI","High-quality 3D product rendering of a Titanium Deep-Sea Release Hook Pin component, precision CNC machined from Grade 5 Ti-6Al-4V ELI , isolated on pure white background, studio lighting, soft shadows, photorealistic, sharp focus, professional product photography, detailed surface texture showing CNC machining marks, 8K resolution, clean aesthetic, commercial product shot"
"titanium-dental-abutment-angled","Titanium Dental Abutment (Angled)","Ti-6Al-4V ELI (ASTM F136)","High-quality 3D product rendering of a Titanium Dental Abutment (Angled) component, precision CNC machined from Ti-6Al-4V ELI (ASTM F136) , isolated on pure white background, studio lighting, soft shadows, photorealistic, sharp focus, professional product photography, detailed surface texture showing CNC machining marks, 8K resolution, clean aesthetic, commercial product shot"
"titanium-dental-abutment","Titanium Dental Abutment","Ti-6Al-4V ELI (ASTM F136)","High-quality 3D product rendering of a Titanium Dental Abutment component, precision CNC machined from Ti-6Al-4V ELI (ASTM F136) , isolated on pure white background, studio lighting, soft shadows, photorealistic, sharp focus, professional product photography, detailed surface texture showing CNC machining marks, 8K resolution, clean aesthetic, commercial product shot"
"titanium-dental-implant-fixture","Titanium Dental Implant Fixture","Grade 4 CP-Ti","High-quality 3D product rendering of a Titanium Dental Implant Fixture component, precision CNC machined from Grade 4 CP-Ti , isolated on pure white background, studio lighting, soft shadows, photorealistic, sharp focus, professional product photography, detailed surface texture showing CNC machining marks, 8K resolution, clean aesthetic, commercial product shot"
"titanium-derailleur-hanger","Titanium Derailleur Hanger","Grade 5 Ti-6Al-4V","High-quality 3D product rendering of a Titanium Derailleur Hanger component, precision CNC machined from Grade 5 Ti-6Al-4V , isolated on pure white background, studio lighting, soft shadows, photorealistic, sharp focus, professional product photography, detailed surface texture showing CNC machining marks, 8K resolution, clean aesthetic, commercial product shot"
"titanium-derailleur-limit-screw","Titanium Derailleur Limit Screw","Grade 5 Ti-6Al-4V","High-quality 3D product rendering of a Titanium Derailleur Limit Screw component, precision CNC machined from Grade 5 Ti-6Al-4V , isolated on pure white background, studio lighting, soft shadows, photorealistic, sharp focus, professional product photography, detailed surface texture showing CNC machining marks, 8K resolution, clean aesthetic, commercial product shot"
"titanium-derailleur-pivot-pin","Titanium Derailleur Pivot Pin","Grade 5 Ti-6Al-4V","High-quality 3D product rendering of a Titanium Derailleur Pivot Pin component, precision CNC machined from Grade 5 Ti-6Al-4V , isolated on pure white background, studio lighting, soft shadows, photorealistic, sharp focus, professional product photography, detailed surface texture showing CNC machining marks, 8K resolution, clean aesthetic, commercial product shot"
"titanium-derailleur-pulley","Titanium Derailleur Pulley","Grade 5 Ti-6Al-4V","High-quality 3D product rendering of a Titanium Derailleur Pulley component, precision CNC machined from Grade 5 Ti-6Al-4V , isolated on pure white background, studio lighting, soft shadows, photorealistic, sharp focus, professional product photography, detailed surface texture showing CNC machining marks, 8K resolution, clean aesthetic, commercial product shot"
"titanium-disc-brake-rotor-bolt","Titanium Disc Brake Rotor Bolt","Grade 5 Ti-6Al-4V","High-quality 3D product rendering of a Titanium Disc Brake Rotor Bolt component, precision CNC machined from Grade 5 Ti-6Al-4V , isolated on pure white background, studio lighting, soft shadows, photorealistic, sharp focus, professional product photography, detailed surface texture showing CNC machining marks, 8K resolution, clean aesthetic, commercial product shot"
"titanium-dive-watch-case","Titanium Dive Watch Case","Grade 5 Ti-6Al-4V","High-quality 3D product rendering of a Titanium Dive Watch Case component, precision CNC machined from Grade 5 Ti-6Al-4V , isolated on pure white background, studio lighting, soft shadows, photorealistic, sharp focus, professional product photography, detailed surface texture showing CNC machining marks, 8K resolution, clean aesthetic, commercial product shot"
"titanium-dive-watch-crown","Titanium Dive Watch Crown","Grade 5 Ti-6Al-4V","High-quality 3D product rendering of a Titanium Dive Watch Crown component, precision CNC machined from Grade 5 Ti-6Al-4V , isolated on pure white background, studio lighting, soft shadows, photorealistic, sharp focus, professional product photography, detailed surface texture showing CNC machining marks, 8K resolution, clean aesthetic, commercial product shot"
"titanium-dosing-pump-impeller","Titanium Dosing Pump Impeller","Grade 2 CP-Ti","High-quality 3D product rendering of a Titanium Dosing Pump Impeller component, precision CNC machined from Grade 2 CP-Ti , isolated on pure white background, studio lighting, soft shadows, photorealistic, sharp focus, professional product photography, detailed surface texture showing CNC machining marks, 8K resolution, clean aesthetic, commercial product shot"
"titanium-double-ferrule-back-ring","Titanium Double Ferrule Back Ring","Grade 2 CP-Ti (UHP Melt)","High-quality 3D product rendering of a Titanium Double Ferrule Back Ring component, precision CNC machined from Grade 2 CP-Ti (UHP Melt) , isolated on pure white background, studio lighting, soft shadows, photorealistic, sharp focus, professional product photography, detailed surface texture showing CNC machining marks, 8K resolution, clean aesthetic, commercial product shot"
"titanium-double-ferrule-front-sleeve","Titanium Double Ferrule Front Sleeve","Grade 2 CP-Ti (UHP Melt)","High-quality 3D product rendering of a Titanium Double Ferrule Front Sleeve component, precision CNC machined from Grade 2 CP-Ti (UHP Melt) , isolated on pure white background, studio lighting, soft shadows, photorealistic, sharp focus, professional product photography, detailed surface texture showing CNC machining marks, 8K resolution, clean aesthetic, commercial product shot"
"titanium-downhole-production-tubing","Titanium Downhole Production Tubing","Grade 5 Ti-6Al-4V ELI","High-quality 3D product rendering of a Titanium Downhole Production Tubing component, precision CNC machined from Grade 5 Ti-6Al-4V ELI , isolated on pure white background, studio lighting, soft shadows, photorealistic, sharp focus, professional product photography, detailed surface texture showing CNC machining marks, 8K resolution, clean aesthetic, commercial product shot"
"titanium-downhole-wireline-barrel","Titanium Downhole Wireline Barrel","Grade 5 Ti-6Al-4V ELI","High-quality 3D product rendering of a Titanium Downhole Wireline Barrel component, precision CNC machined from Grade 5 Ti-6Al-4V ELI , isolated on pure white background, studio lighting, soft shadows, photorealistic, sharp focus, professional product photography, detailed surface texture showing CNC machining marks, 8K resolution, clean aesthetic, commercial product shot"
"titanium-eccs-valve-stem","Titanium ECCS Valve Stem","Grade 2 CP-Ti","High-quality 3D product rendering of a Titanium ECCS Valve Stem component, precision CNC machined from Grade 2 CP-Ti , isolated on pure white background, studio lighting, soft shadows, photorealistic, sharp focus, professional product photography, detailed surface texture showing CNC machining marks, 8K resolution, clean aesthetic, commercial product shot"
"titanium-edc-pen-body","Titanium EDC Pen Body","Grade 5 Ti-6Al-4V","High-quality 3D product rendering of a Titanium EDC Pen Body component, precision CNC machined from Grade 5 Ti-6Al-4V , isolated on pure white background, studio lighting, soft shadows, photorealistic, sharp focus, professional product photography, detailed surface texture showing CNC machining marks, 8K resolution, clean aesthetic, commercial product shot"
"titanium-edc-utility-knife-handle","Titanium EDC Utility Knife Handle","Grade 5 Ti-6Al-4V","High-quality 3D product rendering of a Titanium EDC Utility Knife Handle component, precision CNC machined from Grade 5 Ti-6Al-4V , isolated on pure white background, studio lighting, soft shadows, photorealistic, sharp focus, professional product photography, detailed surface texture showing CNC machining marks, 8K resolution, clean aesthetic, commercial product shot"
"titanium-eductor-nozzle","Titanium Eductor Nozzle","Grade 2 CP-Ti","High-quality 3D product rendering of a Titanium Eductor Nozzle component, precision CNC machined from Grade 2 CP-Ti , isolated on pure white background, studio lighting, soft shadows, photorealistic, sharp focus, professional product photography, detailed surface texture showing CNC machining marks, 8K resolution, clean aesthetic, commercial product shot"
"titanium-embolization-coil-mandrel","Titanium Embolization Coil Mandrel","Nitinol (ASTM F2063)","High-quality 3D product rendering of a Titanium Embolization Coil Mandrel component, precision CNC machined from Nitinol (ASTM F2063) , isolated on pure white background, studio lighting, soft shadows, photorealistic, sharp focus, professional product photography, detailed surface texture showing CNC machining marks, 8K resolution, clean aesthetic, commercial product shot"
"titanium-endoscope-sheath","Titanium Endoscope Sheath","Grade 9 Ti-3Al-2.5V","High-quality 3D product rendering of a Titanium Endoscope Sheath component, precision CNC machined from Grade 9 Ti-3Al-2.5V , isolated on pure white background, studio lighting, soft shadows, photorealistic, sharp focus, professional product photography, detailed surface texture showing CNC machining marks, 8K resolution, clean aesthetic, commercial product shot"
"titanium-engine-pylon-bracket","Titanium Engine Pylon Bracket","Grade 9 Ti-3Al-2.5V","High-quality 3D product rendering of a Titanium Engine Pylon Bracket component, precision CNC machined from Grade 9 Ti-3Al-2.5V , isolated on pure white background, studio lighting, soft shadows, photorealistic, sharp focus, professional product photography, detailed surface texture showing CNC machining marks, 8K resolution, clean aesthetic, commercial product shot"
"titanium-environmental-control-duct","Titanium Environmental Control Duct","Grade 9 Ti-3Al-2.5V","High-quality 3D product rendering of a Titanium Environmental Control Duct component, precision CNC machined from Grade 9 Ti-3Al-2.5V , isolated on pure white background, studio lighting, soft shadows, photorealistic, sharp focus, professional product photography, detailed surface texture showing CNC machining marks, 8K resolution, clean aesthetic, commercial product shot"
"titanium-equal-tee-asme-b169","Titanium Equal Tee (ASME B16.9)","Grade 2 CP-Ti","High-quality 3D product rendering of a Titanium Equal Tee (ASME B16.9) component, precision CNC machined from Grade 2 CP-Ti , isolated on pure white background, studio lighting, soft shadows, photorealistic, sharp focus, professional product photography, detailed surface texture showing CNC machining marks, 8K resolution, clean aesthetic, commercial product shot"
"titanium-exhaust-baffle-plate","Titanium Exhaust Baffle Plate","Grade 2 CP-Ti (Bead Blasted)","High-quality 3D product rendering of a Titanium Exhaust Baffle Plate component, precision CNC machined from Grade 2 CP-Ti (Bead Blasted) , isolated on pure white background, studio lighting, soft shadows, photorealistic, sharp focus, professional product photography, detailed surface texture showing CNC machining marks, 8K resolution, clean aesthetic, commercial product shot"
"titanium-femoral-condyle","Titanium Femoral Condyle","Ti-6Al-7Nb (ASTM F1295)","High-quality 3D product rendering of a Titanium Femoral Condyle component, precision CNC machined from Ti-6Al-7Nb (ASTM F1295) , isolated on pure white background, studio lighting, soft shadows, photorealistic, sharp focus, professional product photography, detailed surface texture showing CNC machining marks, 8K resolution, clean aesthetic, commercial product shot"
"titanium-fender-mounting-bolt","Titanium Fender Mounting Bolt","Grade 5 Ti-6Al-4V","High-quality 3D product rendering of a Titanium Fender Mounting Bolt component, precision CNC machined from Grade 5 Ti-6Al-4V , isolated on pure white background, studio lighting, soft shadows, photorealistic, sharp focus, professional product photography, detailed surface texture showing CNC machining marks, 8K resolution, clean aesthetic, commercial product shot"
"titanium-filter-press-tie-rod","Titanium Filter Press Tie Rod","Grade 2 CP-Ti","High-quality 3D product rendering of a Titanium Filter Press Tie Rod component, precision CNC machined from Grade 2 CP-Ti , isolated on pure white background, studio lighting, soft shadows, photorealistic, sharp focus, professional product photography, detailed surface texture showing CNC machining marks, 8K resolution, clean aesthetic, commercial product shot"
"titanium-flashlight-body","Titanium Flashlight Body","Grade 5 Ti-6Al-4V","High-quality 3D product rendering of a Titanium Flashlight Body component, precision CNC machined from Grade 5 Ti-6Al-4V , isolated on pure white background, studio lighting, soft shadows, photorealistic, sharp focus, professional product photography, detailed surface texture showing CNC machining marks, 8K resolution, clean aesthetic, commercial product shot"
"titanium-flat-mount-brake-adapter","Titanium Flat-Mount Brake Adapter","Grade 5 Ti-6Al-4V","High-quality 3D product rendering of a Titanium Flat-Mount Brake Adapter component, precision CNC machined from Grade 5 Ti-6Al-4V , isolated on pure white background, studio lighting, soft shadows, photorealistic, sharp focus, professional product photography, detailed surface texture showing CNC machining marks, 8K resolution, clean aesthetic, commercial product shot"
"titanium-flat-washer-iso-7089","Titanium Flat Washer (ISO 7089)","Grade 5 Ti-6Al-4V","High-quality 3D product rendering of a Titanium Flat Washer (ISO 7089) component, precision CNC machined from Grade 5 Ti-6Al-4V , isolated on pure white background, studio lighting, soft shadows, photorealistic, sharp focus, professional product photography, detailed surface texture showing CNC machining marks, 8K resolution, clean aesthetic, commercial product shot"
"titanium-foldable-phone-hinge","Titanium Foldable Phone Hinge","Grade 5 Ti-6Al-4V","High-quality 3D product rendering of a Titanium Foldable Phone Hinge component, precision CNC machined from Grade 5 Ti-6Al-4V , isolated on pure white background, studio lighting, soft shadows, photorealistic, sharp focus, professional product photography, detailed surface texture showing CNC machining marks, 8K resolution, clean aesthetic, commercial product shot"
"titanium-fork-air-chamber-top-cap","Titanium Fork Air Chamber Top Cap","Grade 5 Ti-6Al-4V","High-quality 3D product rendering of a Titanium Fork Air Chamber Top Cap component, precision CNC machined from Grade 5 Ti-6Al-4V , isolated on pure white background, studio lighting, soft shadows, photorealistic, sharp focus, professional product photography, detailed surface texture showing CNC machining marks, 8K resolution, clean aesthetic, commercial product shot"
"titanium-frame-flip-chip","Titanium Frame Flip Chip","Grade 5 Ti-6Al-4V","High-quality 3D product rendering of a Titanium Frame Flip Chip component, precision CNC machined from Grade 5 Ti-6Al-4V , isolated on pure white background, studio lighting, soft shadows, photorealistic, sharp focus, professional product photography, detailed surface texture showing CNC machining marks, 8K resolution, clean aesthetic, commercial product shot"
"titanium-fuel-cell-end-plate","Titanium Fuel Cell End Plate","Grade 2 CP-Ti","High-quality 3D product rendering of a Titanium Fuel Cell End Plate component, precision CNC machined from Grade 2 CP-Ti , isolated on pure white background, studio lighting, soft shadows, photorealistic, sharp focus, professional product photography, detailed surface texture showing CNC machining marks, 8K resolution, clean aesthetic, commercial product shot"
"titanium-fuel-pool-rack-spacer","Titanium Fuel Pool Rack Spacer","Grade 2 CP-Ti","High-quality 3D product rendering of a Titanium Fuel Pool Rack Spacer component, precision CNC machined from Grade 2 CP-Ti , isolated on pure white background, studio lighting, soft shadows, photorealistic, sharp focus, professional product photography, detailed surface texture showing CNC machining marks, 8K resolution, clean aesthetic, commercial product shot"
"titanium-gas-check-valve-plunger","Titanium Gas Check Valve Plunger","Grade 2 CP-Ti (UHP Melt)","High-quality 3D product rendering of a Titanium Gas Check Valve Plunger component, precision CNC machined from Grade 2 CP-Ti (UHP Melt) , isolated on pure white background, studio lighting, soft shadows, photorealistic, sharp focus, professional product photography, detailed surface texture showing CNC machining marks, 8K resolution, clean aesthetic, commercial product shot"
"titanium-gas-quick-disconnect-coupler","Titanium Gas Quick-Disconnect Coupler","Grade 2 CP-Ti (UHP Melt)","High-quality 3D product rendering of a Titanium Gas Quick-Disconnect Coupler component, precision CNC machined from Grade 2 CP-Ti (UHP Melt) , isolated on pure white background, studio lighting, soft shadows, photorealistic, sharp focus, professional product photography, detailed surface texture showing CNC machining marks, 8K resolution, clean aesthetic, commercial product shot"
"titanium-gas-y-splitter-connector","Titanium Gas Y-Splitter Connector","Grade 2 CP-Ti (UHP Melt)","High-quality 3D product rendering of a Titanium Gas Y-Splitter Connector component, precision CNC machined from Grade 2 CP-Ti (UHP Melt) , isolated on pure white background, studio lighting, soft shadows, photorealistic, sharp focus, professional product photography, detailed surface texture showing CNC machining marks, 8K resolution, clean aesthetic, commercial product shot"
"titanium-gate-valve-seal-retainer","Titanium Gate Valve Seal Retainer","Grade 5 Ti-6Al-4V","High-quality 3D product rendering of a Titanium Gate Valve Seal Retainer component, precision CNC machined from Grade 5 Ti-6Al-4V , isolated on pure white background, studio lighting, soft shadows, photorealistic, sharp focus, professional product photography, detailed surface texture showing CNC machining marks, 8K resolution, clean aesthetic, commercial product shot"
"titanium-gps-mount-bolt","Titanium GPS Mount Bolt","Grade 5 Ti-6Al-4V","High-quality 3D product rendering of a Titanium GPS Mount Bolt component, precision CNC machined from Grade 5 Ti-6Al-4V , isolated on pure white background, studio lighting, soft shadows, photorealistic, sharp focus, professional product photography, detailed surface texture showing CNC machining marks, 8K resolution, clean aesthetic, commercial product shot"
"titanium-handlebar-end-plug","Titanium Handlebar End Plug","Grade 5 Ti-6Al-4V","High-quality 3D product rendering of a Titanium Handlebar End Plug component, precision CNC machined from Grade 5 Ti-6Al-4V , isolated on pure white background, studio lighting, soft shadows, photorealistic, sharp focus, professional product photography, detailed surface texture showing CNC machining marks, 8K resolution, clean aesthetic, commercial product shot"
"titanium-handlebar-grip-lock-ring","Titanium Handlebar Grip Lock Ring","Grade 5 Ti-6Al-4V","High-quality 3D product rendering of a Titanium Handlebar Grip Lock Ring component, precision CNC machined from Grade 5 Ti-6Al-4V , isolated on pure white background, studio lighting, soft shadows, photorealistic, sharp focus, professional product photography, detailed surface texture showing CNC machining marks, 8K resolution, clean aesthetic, commercial product shot"
"titanium-headphone-driver-enclosure","Titanium Headphone Driver Enclosure","Grade 5 Ti-6Al-4V","High-quality 3D product rendering of a Titanium Headphone Driver Enclosure component, precision CNC machined from Grade 5 Ti-6Al-4V , isolated on pure white background, studio lighting, soft shadows, photorealistic, sharp focus, professional product photography, detailed surface texture showing CNC machining marks, 8K resolution, clean aesthetic, commercial product shot"
"titanium-headset-compression-plug","Titanium Headset Compression Plug","Grade 5 Ti-6Al-4V","High-quality 3D product rendering of a Titanium Headset Compression Plug component, precision CNC machined from Grade 5 Ti-6Al-4V , isolated on pure white background, studio lighting, soft shadows, photorealistic, sharp focus, professional product photography, detailed surface texture showing CNC machining marks, 8K resolution, clean aesthetic, commercial product shot"
"titanium-headset-crown-race","Titanium Headset Crown Race","Grade 5 Ti-6Al-4V","High-quality 3D product rendering of a Titanium Headset Crown Race component, precision CNC machined from Grade 5 Ti-6Al-4V , isolated on pure white background, studio lighting, soft shadows, photorealistic, sharp focus, professional product photography, detailed surface texture showing CNC machining marks, 8K resolution, clean aesthetic, commercial product shot"
"titanium-headset-spacer","Titanium Headset Spacer","Grade 5 Ti-6Al-4V","High-quality 3D product rendering of a Titanium Headset Spacer component, precision CNC machined from Grade 5 Ti-6Al-4V , isolated on pure white background, studio lighting, soft shadows, photorealistic, sharp focus, professional product photography, detailed surface texture showing CNC machining marks, 8K resolution, clean aesthetic, commercial product shot"
"titanium-headset-top-cap-screw","Titanium Headset Top Cap Screw","Grade 5 Ti-6Al-4V","High-quality 3D product rendering of a Titanium Headset Top Cap Screw component, precision CNC machined from Grade 5 Ti-6Al-4V , isolated on pure white background, studio lighting, soft shadows, photorealistic, sharp focus, professional product photography, detailed surface texture showing CNC machining marks, 8K resolution, clean aesthetic, commercial product shot"
"titanium-heat-exchanger-tube-bundle","Titanium Heat Exchanger Tube Bundle","Grade 12 Ti-0.3Mo-0.8Ni","High-quality 3D product rendering of a Titanium Heat Exchanger Tube Bundle component, precision CNC machined from Grade 12 Ti-0.3Mo-0.8Ni , isolated on pure white background, studio lighting, soft shadows, photorealistic, sharp focus, professional product photography, detailed surface texture showing CNC machining marks, 8K resolution, clean aesthetic, commercial product shot"
"titanium-heat-exchanger-tube-sheet","Titanium Heat Exchanger Tube Sheet","Grade 12 Ti-0.3Mo-0.8Ni","High-quality 3D product rendering of a Titanium Heat Exchanger Tube Sheet component, precision CNC machined from Grade 12 Ti-0.3Mo-0.8Ni , isolated on pure white background, studio lighting, soft shadows, photorealistic, sharp focus, professional product photography, detailed surface texture showing CNC machining marks, 8K resolution, clean aesthetic, commercial product shot"
"titanium-helicopter-rotor-hub","Titanium Helicopter Rotor Hub","Grade 5 Ti-6Al-4V","High-quality 3D product rendering of a Titanium Helicopter Rotor Hub component, precision CNC machined from Grade 5 Ti-6Al-4V , isolated on pure white background, studio lighting, soft shadows, photorealistic, sharp focus, professional product photography, detailed surface texture showing CNC machining marks, 8K resolution, clean aesthetic, commercial product shot"
"titanium-hex-bolt-iso-4014","Titanium Hex Bolt (ISO 4014)","Grade 5 Ti-6Al-4V","High-quality 3D product rendering of a Titanium Hex Bolt (ISO 4014) component, precision CNC machined from Grade 5 Ti-6Al-4V , isolated on pure white background, studio lighting, soft shadows, photorealistic, sharp focus, professional product photography, detailed surface texture showing CNC machining marks, 8K resolution, clean aesthetic, commercial product shot"
"titanium-hex-nut-iso-4032","Titanium Hex Nut (ISO 4032)","Grade 5 Ti-6Al-4V","High-quality 3D product rendering of a Titanium Hex Nut (ISO 4032) component, precision CNC machined from Grade 5 Ti-6Al-4V , isolated on pure white background, studio lighting, soft shadows, photorealistic, sharp focus, professional product photography, detailed surface texture showing CNC machining marks, 8K resolution, clean aesthetic, commercial product shot"
"titanium-high-load-flange-washer","Titanium High-Load Flange Washer","Grade 5 Ti-6Al-4V","High-quality 3D product rendering of a Titanium High-Load Flange Washer component, precision CNC machined from Grade 5 Ti-6Al-4V , isolated on pure white background, studio lighting, soft shadows, photorealistic, sharp focus, professional product photography, detailed surface texture showing CNC machining marks, 8K resolution, clean aesthetic, commercial product shot"
"titanium-hip-stem","Titanium Hip Stem","Ti-6Al-4V ELI (ASTM F136)","High-quality 3D product rendering of a Titanium Hip Stem component, precision CNC machined from Ti-6Al-4V ELI (ASTM F136) , isolated on pure white background, studio lighting, soft shadows, photorealistic, sharp focus, professional product photography, detailed surface texture showing CNC machining marks, 8K resolution, clean aesthetic, commercial product shot"
"titanium-hub-bolt-m12","Titanium Hub Bolt (M12)","Grade 5 Ti-6Al-4V","High-quality 3D product rendering of a Titanium Hub Bolt (M12) component, precision CNC machined from Grade 5 Ti-6Al-4V , isolated on pure white background, studio lighting, soft shadows, photorealistic, sharp focus, professional product photography, detailed surface texture showing CNC machining marks, 8K resolution, clean aesthetic, commercial product shot"
"titanium-hub-freehub-body-spline","Titanium Hub Freehub Body Spline","Grade 5 Ti-6Al-4V","High-quality 3D product rendering of a Titanium Hub Freehub Body Spline component, precision CNC machined from Grade 5 Ti-6Al-4V , isolated on pure white background, studio lighting, soft shadows, photorealistic, sharp focus, professional product photography, detailed surface texture showing CNC machining marks, 8K resolution, clean aesthetic, commercial product shot"
"titanium-hydraulic-brake-banjo-bolt","Titanium Hydraulic Brake Banjo Bolt","Grade 5 Ti-6Al-4V","High-quality 3D product rendering of a Titanium Hydraulic Brake Banjo Bolt component, precision CNC machined from Grade 5 Ti-6Al-4V , isolated on pure white background, studio lighting, soft shadows, photorealistic, sharp focus, professional product photography, detailed surface texture showing CNC machining marks, 8K resolution, clean aesthetic, commercial product shot"
"titanium-hydrogen-flame-arrestor","Titanium Hydrogen Flame Arrestor","Grade 2 CP-Ti","High-quality 3D product rendering of a Titanium Hydrogen Flame Arrestor component, precision CNC machined from Grade 2 CP-Ti , isolated on pure white background, studio lighting, soft shadows, photorealistic, sharp focus, professional product photography, detailed surface texture showing CNC machining marks, 8K resolution, clean aesthetic, commercial product shot"
"titanium-hydrogen-storage-valve-stem","Titanium Hydrogen Storage Valve Stem","Grade 2 CP-Ti","High-quality 3D product rendering of a Titanium Hydrogen Storage Valve Stem component, precision CNC machined from Grade 2 CP-Ti , isolated on pure white background, studio lighting, soft shadows, photorealistic, sharp focus, professional product photography, detailed surface texture showing CNC machining marks, 8K resolution, clean aesthetic, commercial product shot"
"titanium-hypersonic-control-surface","Titanium Hypersonic Control Surface","Ti-65","High-quality 3D product rendering of a Titanium Hypersonic Control Surface component, precision CNC machined from Ti-65 , isolated on pure white background, studio lighting, soft shadows, photorealistic, sharp focus, professional product photography, detailed surface texture showing CNC machining marks, 8K resolution, clean aesthetic, commercial product shot"
"titanium-immersion-heater-sheath","Titanium Immersion Heater Sheath","Grade 2 CP-Ti","High-quality 3D product rendering of a Titanium Immersion Heater Sheath component, precision CNC machined from Grade 2 CP-Ti , isolated on pure white background, studio lighting, soft shadows, photorealistic, sharp focus, professional product photography, detailed surface texture showing CNC machining marks, 8K resolution, clean aesthetic, commercial product shot"
"titanium-intramedullary-nail","Titanium Intramedullary Nail","Ti-6Al-4V ELI (ASTM F136)","High-quality 3D product rendering of a Titanium Intramedullary Nail component, precision CNC machined from Ti-6Al-4V ELI (ASTM F136) , isolated on pure white background, studio lighting, soft shadows, photorealistic, sharp focus, professional product photography, detailed surface texture showing CNC machining marks, 8K resolution, clean aesthetic, commercial product shot"
"titanium-ion-implantation-electrode","Titanium Ion Implantation Electrode","Grade 5 Ti-6Al-4V","High-quality 3D product rendering of a Titanium Ion Implantation Electrode component, precision CNC machined from Grade 5 Ti-6Al-4V , isolated on pure white background, studio lighting, soft shadows, photorealistic, sharp focus, professional product photography, detailed surface texture showing CNC machining marks, 8K resolution, clean aesthetic, commercial product shot"
"titanium-key-organizer-screw","Titanium Key Organizer Screw","Grade 5 Ti-6Al-4V","High-quality 3D product rendering of a Titanium Key Organizer Screw component, precision CNC machined from Grade 5 Ti-6Al-4V , isolated on pure white background, studio lighting, soft shadows, photorealistic, sharp focus, professional product photography, detailed surface texture showing CNC machining marks, 8K resolution, clean aesthetic, commercial product shot"
"titanium-landing-gear-side-brace","Titanium Landing Gear Side Brace","Grade 5 Ti-6Al-4V","High-quality 3D product rendering of a Titanium Landing Gear Side Brace component, precision CNC machined from Grade 5 Ti-6Al-4V , isolated on pure white background, studio lighting, soft shadows, photorealistic, sharp focus, professional product photography, detailed surface texture showing CNC machining marks, 8K resolution, clean aesthetic, commercial product shot"
"titanium-landing-gear-strut","Titanium Landing Gear Strut","Grade 5 Ti-6Al-4V","High-quality 3D product rendering of a Titanium Landing Gear Strut component, precision CNC machined from Grade 5 Ti-6Al-4V , isolated on pure white background, studio lighting, soft shadows, photorealistic, sharp focus, professional product photography, detailed surface texture showing CNC machining marks, 8K resolution, clean aesthetic, commercial product shot"
"titanium-landing-gear-truck-beam","Titanium Landing Gear Truck Beam","Grade 5 Ti-6Al-4V","High-quality 3D product rendering of a Titanium Landing Gear Truck Beam component, precision CNC machined from Grade 5 Ti-6Al-4V , isolated on pure white background, studio lighting, soft shadows, photorealistic, sharp focus, professional product photography, detailed surface texture showing CNC machining marks, 8K resolution, clean aesthetic, commercial product shot"
"titanium-laparoscopic-stapler-anvil","Titanium Laparoscopic Stapler Anvil","Grade 5 Ti-6Al-4V","High-quality 3D product rendering of a Titanium Laparoscopic Stapler Anvil component, precision CNC machined from Grade 5 Ti-6Al-4V , isolated on pure white background, studio lighting, soft shadows, photorealistic, sharp focus, professional product photography, detailed surface texture showing CNC machining marks, 8K resolution, clean aesthetic, commercial product shot"
"titanium-laptop-hinge-bracket","Titanium Laptop Hinge Bracket","Grade 5 Ti-6Al-4V","High-quality 3D product rendering of a Titanium Laptop Hinge Bracket component, precision CNC machined from Grade 5 Ti-6Al-4V , isolated on pure white background, studio lighting, soft shadows, photorealistic, sharp focus, professional product photography, detailed surface texture showing CNC machining marks, 8K resolution, clean aesthetic, commercial product shot"
"titanium-laptop-hinge-shaft","Titanium Laptop Hinge Shaft","Grade 5 Ti-6Al-4V","High-quality 3D product rendering of a Titanium Laptop Hinge Shaft component, precision CNC machined from Grade 5 Ti-6Al-4V , isolated on pure white background, studio lighting, soft shadows, photorealistic, sharp focus, professional product photography, detailed surface texture showing CNC machining marks, 8K resolution, clean aesthetic, commercial product shot"
"titanium-launch-canister-rail","Titanium Launch Canister Rail","Grade 5 Ti-6Al-4V","High-quality 3D product rendering of a Titanium Launch Canister Rail component, precision CNC machined from Grade 5 Ti-6Al-4V , isolated on pure white background, studio lighting, soft shadows, photorealistic, sharp focus, professional product photography, detailed surface texture showing CNC machining marks, 8K resolution, clean aesthetic, commercial product shot"
"titanium-lens-retaining-ring-metrology","Titanium Lens Retaining Ring (Metrology)","Grade 5 Ti-6Al-4V ELI","High-quality 3D product rendering of a Titanium Lens Retaining Ring (Metrology) component, precision CNC machined from Grade 5 Ti-6Al-4V ELI , isolated on pure white background, studio lighting, soft shadows, photorealistic, sharp focus, professional product photography, detailed surface texture showing CNC machining marks, 8K resolution, clean aesthetic, commercial product shot"
"titanium-linkage-pivot-bolt","Titanium Linkage Pivot Bolt","Grade 5 Ti-6Al-4V","High-quality 3D product rendering of a Titanium Linkage Pivot Bolt component, precision CNC machined from Grade 5 Ti-6Al-4V , isolated on pure white background, studio lighting, soft shadows, photorealistic, sharp focus, professional product photography, detailed surface texture showing CNC machining marks, 8K resolution, clean aesthetic, commercial product shot"
"titanium-liquid-level-float","Titanium Liquid Level Float","Grade 2 CP-Ti","High-quality 3D product rendering of a Titanium Liquid Level Float component, precision CNC machined from Grade 2 CP-Ti , isolated on pure white background, studio lighting, soft shadows, photorealistic, sharp focus, professional product photography, detailed surface texture showing CNC machining marks, 8K resolution, clean aesthetic, commercial product shot"
"titanium-lithography-stage-flexure","Titanium Lithography Stage Flexure","Grade 5 Ti-6Al-4V","High-quality 3D product rendering of a Titanium Lithography Stage Flexure component, precision CNC machined from Grade 5 Ti-6Al-4V , isolated on pure white background, studio lighting, soft shadows, photorealistic, sharp focus, professional product photography, detailed surface texture showing CNC machining marks, 8K resolution, clean aesthetic, commercial product shot"
"titanium-long-radius-elbow-asme-b169","Titanium Long Radius Elbow (ASME B16.9)","Grade 2 CP-Ti","High-quality 3D product rendering of a Titanium Long Radius Elbow (ASME B16.9) component, precision CNC machined from Grade 2 CP-Ti , isolated on pure white background, studio lighting, soft shadows, photorealistic, sharp focus, professional product photography, detailed surface texture showing CNC machining marks, 8K resolution, clean aesthetic, commercial product shot"
"titanium-lpt-blade-gamma-tial","Titanium LPT Blade (Gamma-TiAl)","Grade 5 Ti-6Al-4V","High-quality 3D product rendering of a Titanium LPT Blade (Gamma-TiAl) component, precision CNC machined from Grade 5 Ti-6Al-4V , isolated on pure white background, studio lighting, soft shadows, photorealistic, sharp focus, professional product photography, detailed surface texture showing CNC machining marks, 8K resolution, clean aesthetic, commercial product shot"
"titanium-main-condenser-tube","Titanium Main Condenser Tube","Grade 2 CP-Ti","High-quality 3D product rendering of a Titanium Main Condenser Tube component, precision CNC machined from Grade 2 CP-Ti , isolated on pure white background, studio lighting, soft shadows, photorealistic, sharp focus, professional product photography, detailed surface texture showing CNC machining marks, 8K resolution, clean aesthetic, commercial product shot"
"titanium-main-pivot-axle","Titanium Main Pivot Axle","Grade 5 Ti-6Al-4V","High-quality 3D product rendering of a Titanium Main Pivot Axle component, precision CNC machined from Grade 5 Ti-6Al-4V , isolated on pure white background, studio lighting, soft shadows, photorealistic, sharp focus, professional product photography, detailed surface texture showing CNC machining marks, 8K resolution, clean aesthetic, commercial product shot"
"titanium-mechanical-keyboard-keycap","Titanium Mechanical Keyboard Keycap","Grade 5 Ti-6Al-4V","High-quality 3D product rendering of a Titanium Mechanical Keyboard Keycap component, precision CNC machined from Grade 5 Ti-6Al-4V , isolated on pure white background, studio lighting, soft shadows, photorealistic, sharp focus, professional product photography, detailed surface texture showing CNC machining marks, 8K resolution, clean aesthetic, commercial product shot"
"titanium-micro-orifice-restrictor","Titanium Micro-Orifice Restrictor","Grade 2 CP-Ti (UHP Melt)","High-quality 3D product rendering of a Titanium Micro-Orifice Restrictor component, precision CNC machined from Grade 2 CP-Ti (UHP Melt) , isolated on pure white background, studio lighting, soft shadows, photorealistic, sharp focus, professional product photography, detailed surface texture showing CNC machining marks, 8K resolution, clean aesthetic, commercial product shot"
"titanium-missile-airframe-skin","Titanium Missile Airframe Skin","Grade 5 Ti-6Al-4V","High-quality 3D product rendering of a Titanium Missile Airframe Skin component, precision CNC machined from Grade 5 Ti-6Al-4V , isolated on pure white background, studio lighting, soft shadows, photorealistic, sharp focus, professional product photography, detailed surface texture showing CNC machining marks, 8K resolution, clean aesthetic, commercial product shot"
"titanium-mist-eliminator-frame","Titanium Mist Eliminator Frame","Grade 2 CP-Ti","High-quality 3D product rendering of a Titanium Mist Eliminator Frame component, precision CNC machined from Grade 2 CP-Ti , isolated on pure white background, studio lighting, soft shadows, photorealistic, sharp focus, professional product photography, detailed surface texture showing CNC machining marks, 8K resolution, clean aesthetic, commercial product shot"
"titanium-mmo-coated-substrate-plate","Titanium MMO-Coated Substrate Plate","Grade 2 CP-Ti","High-quality 3D product rendering of a Titanium MMO-Coated Substrate Plate component, precision CNC machined from Grade 2 CP-Ti , isolated on pure white background, studio lighting, soft shadows, photorealistic, sharp focus, professional product photography, detailed surface texture showing CNC machining marks, 8K resolution, clean aesthetic, commercial product shot"
"titanium-mocvd-susceptor-support-arm","Titanium MOCVD Susceptor Support Arm","Grade 5 Ti-6Al-4V","High-quality 3D product rendering of a Titanium MOCVD Susceptor Support Arm component, precision CNC machined from Grade 5 Ti-6Al-4V , isolated on pure white background, studio lighting, soft shadows, photorealistic, sharp focus, professional product photography, detailed surface texture showing CNC machining marks, 8K resolution, clean aesthetic, commercial product shot"
"titanium-multi-port-gas-manifold","Titanium Multi-Port Gas Manifold","Grade 2 CP-Ti (UHP Melt)","High-quality 3D product rendering of a Titanium Multi-Port Gas Manifold component, precision CNC machined from Grade 2 CP-Ti (UHP Melt) , isolated on pure white background, studio lighting, soft shadows, photorealistic, sharp focus, professional product photography, detailed surface texture showing CNC machining marks, 8K resolution, clean aesthetic, commercial product shot"
"titanium-neuro-guidewire","Titanium Neuro Guidewire","Nitinol (ASTM F2063)","High-quality 3D product rendering of a Titanium Neuro Guidewire component, precision CNC machined from Nitinol (ASTM F2063) , isolated on pure white background, studio lighting, soft shadows, photorealistic, sharp focus, professional product photography, detailed surface texture showing CNC machining marks, 8K resolution, clean aesthetic, commercial product shot"
"titanium-offshore-firewater-nozzle","Titanium Offshore Firewater Nozzle","Grade 5 Ti-6Al-4V ELI","High-quality 3D product rendering of a Titanium Offshore Firewater Nozzle component, precision CNC machined from Grade 5 Ti-6Al-4V ELI , isolated on pure white background, studio lighting, soft shadows, photorealistic, sharp focus, professional product photography, detailed surface texture showing CNC machining marks, 8K resolution, clean aesthetic, commercial product shot"
"titanium-orifice-plate-flow-meter","Titanium Orifice Plate (Flow Meter)","Grade 2 CP-Ti","High-quality 3D product rendering of a Titanium Orifice Plate (Flow Meter) component, precision CNC machined from Grade 2 CP-Ti , isolated on pure white background, studio lighting, soft shadows, photorealistic, sharp focus, professional product photography, detailed surface texture showing CNC machining marks, 8K resolution, clean aesthetic, commercial product shot"
"titanium-orthodontic-archwire","Titanium Orthodontic Archwire","Nitinol (ASTM F2063)","High-quality 3D product rendering of a Titanium Orthodontic Archwire component, precision CNC machined from Nitinol (ASTM F2063) , isolated on pure white background, studio lighting, soft shadows, photorealistic, sharp focus, professional product photography, detailed surface texture showing CNC machining marks, 8K resolution, clean aesthetic, commercial product shot"
"titanium-pacemaker-enclosure","Titanium Pacemaker Enclosure","Grade 2 CP-Ti","High-quality 3D product rendering of a Titanium Pacemaker Enclosure component, precision CNC machined from Grade 2 CP-Ti , isolated on pure white background, studio lighting, soft shadows, photorealistic, sharp focus, professional product photography, detailed surface texture showing CNC machining marks, 8K resolution, clean aesthetic, commercial product shot"
"titanium-pcb-edge-grip","Titanium PCB Edge Grip","Grade 2 CP-Ti","High-quality 3D product rendering of a Titanium PCB Edge Grip component, precision CNC machined from Grade 2 CP-Ti , isolated on pure white background, studio lighting, soft shadows, photorealistic, sharp focus, professional product photography, detailed surface texture showing CNC machining marks, 8K resolution, clean aesthetic, commercial product shot"
"titanium-pedal-cleat-screw","Titanium Pedal Cleat Screw","Grade 5 Ti-6Al-4V","High-quality 3D product rendering of a Titanium Pedal Cleat Screw component, precision CNC machined from Grade 5 Ti-6Al-4V , isolated on pure white background, studio lighting, soft shadows, photorealistic, sharp focus, professional product photography, detailed surface texture showing CNC machining marks, 8K resolution, clean aesthetic, commercial product shot"
"titanium-pedal-spindle","Titanium Pedal Spindle","Grade 5 Ti-6Al-4V","High-quality 3D product rendering of a Titanium Pedal Spindle component, precision CNC machined from Grade 5 Ti-6Al-4V , isolated on pure white background, studio lighting, soft shadows, photorealistic, sharp focus, professional product photography, detailed surface texture showing CNC machining marks, 8K resolution, clean aesthetic, commercial product shot"
"titanium-pedal-traction-pin","Titanium Pedal Traction Pin","Grade 5 Ti-6Al-4V","High-quality 3D product rendering of a Titanium Pedal Traction Pin component, precision CNC machined from Grade 5 Ti-6Al-4V , isolated on pure white background, studio lighting, soft shadows, photorealistic, sharp focus, professional product photography, detailed surface texture showing CNC machining marks, 8K resolution, clean aesthetic, commercial product shot"
"titanium-peek-insulated-hybrid-bolt","Titanium PEEK-Insulated Hybrid Bolt","Grade 5 Ti-6Al-4V","High-quality 3D product rendering of a Titanium PEEK-Insulated Hybrid Bolt component, precision CNC machined from Grade 5 Ti-6Al-4V , isolated on pure white background, studio lighting, soft shadows, photorealistic, sharp focus, professional product photography, detailed surface texture showing CNC machining marks, 8K resolution, clean aesthetic, commercial product shot"
"titanium-pem-bipolar-plate","Titanium PEM Bipolar Plate","Grade 1 CP-Ti (Pt-coated)","High-quality 3D product rendering of a Titanium PEM Bipolar Plate component, precision CNC machined from Grade 1 CP-Ti (Pt-coated) , isolated on pure white background, studio lighting, soft shadows, photorealistic, sharp focus, professional product photography, detailed surface texture showing CNC machining marks, 8K resolution, clean aesthetic, commercial product shot"
"titanium-pem-gas-diffusion-layer","Titanium PEM Gas Diffusion Layer","Grade 1 CP-Ti (Pt-coated)","High-quality 3D product rendering of a Titanium PEM Gas Diffusion Layer component, precision CNC machined from Grade 1 CP-Ti (Pt-coated) , isolated on pure white background, studio lighting, soft shadows, photorealistic, sharp focus, professional product photography, detailed surface texture showing CNC machining marks, 8K resolution, clean aesthetic, commercial product shot"
"titanium-pen-clip","Titanium Pen Clip","Grade 5 Ti-6Al-4V","High-quality 3D product rendering of a Titanium Pen Clip component, precision CNC machined from Grade 5 Ti-6Al-4V , isolated on pure white background, studio lighting, soft shadows, photorealistic, sharp focus, professional product photography, detailed surface texture showing CNC machining marks, 8K resolution, clean aesthetic, commercial product shot"
"titanium-pipe-u-bolt","Titanium Pipe U-Bolt","Grade 5 Ti-6Al-4V","High-quality 3D product rendering of a Titanium Pipe U-Bolt component, precision CNC machined from Grade 5 Ti-6Al-4V , isolated on pure white background, studio lighting, soft shadows, photorealistic, sharp focus, professional product photography, detailed surface texture showing CNC machining marks, 8K resolution, clean aesthetic, commercial product shot"
"titanium-pipeline-repair-sleeve","Titanium Pipeline Repair Sleeve","Grade 5 Ti-6Al-4V ELI","High-quality 3D product rendering of a Titanium Pipeline Repair Sleeve component, precision CNC machined from Grade 5 Ti-6Al-4V ELI , isolated on pure white background, studio lighting, soft shadows, photorealistic, sharp focus, professional product photography, detailed surface texture showing CNC machining marks, 8K resolution, clean aesthetic, commercial product shot"
"titanium-pivot-bearing-retainer-circlip","Titanium Pivot Bearing Retainer Circlip","Grade 5 Ti-6Al-4V","High-quality 3D product rendering of a Titanium Pivot Bearing Retainer Circlip component, precision CNC machined from Grade 5 Ti-6Al-4V , isolated on pure white background, studio lighting, soft shadows, photorealistic, sharp focus, professional product photography, detailed surface texture showing CNC machining marks, 8K resolution, clean aesthetic, commercial product shot"
"titanium-pivot-bearing-spacer-sleeve","Titanium Pivot Bearing Spacer Sleeve","Grade 5 Ti-6Al-4V","High-quality 3D product rendering of a Titanium Pivot Bearing Spacer Sleeve component, precision CNC machined from Grade 5 Ti-6Al-4V , isolated on pure white background, studio lighting, soft shadows, photorealistic, sharp focus, professional product photography, detailed surface texture showing CNC machining marks, 8K resolution, clean aesthetic, commercial product shot"
"titanium-plating-crane-lifting-eye","Titanium Plating Crane Lifting Eye","Grade 2 CP-Ti","High-quality 3D product rendering of a Titanium Plating Crane Lifting Eye component, precision CNC machined from Grade 2 CP-Ti , isolated on pure white background, studio lighting, soft shadows, photorealistic, sharp focus, professional product photography, detailed surface texture showing CNC machining marks, 8K resolution, clean aesthetic, commercial product shot"
"titanium-plating-rack-cross-bar","Titanium Plating Rack Cross Bar","Grade 2 CP-Ti","High-quality 3D product rendering of a Titanium Plating Rack Cross Bar component, precision CNC machined from Grade 2 CP-Ti , isolated on pure white background, studio lighting, soft shadows, photorealistic, sharp focus, professional product photography, detailed surface texture showing CNC machining marks, 8K resolution, clean aesthetic, commercial product shot"
"titanium-plating-rack-spline","Titanium Plating Rack Spline","Grade 2 CP-Ti","High-quality 3D product rendering of a Titanium Plating Rack Spline component, precision CNC machined from Grade 2 CP-Ti , isolated on pure white background, studio lighting, soft shadows, photorealistic, sharp focus, professional product photography, detailed surface texture showing CNC machining marks, 8K resolution, clean aesthetic, commercial product shot"
"titanium-plating-rack-thumb-screw","Titanium Plating Rack Thumb Screw","Grade 2 CP-Ti","High-quality 3D product rendering of a Titanium Plating Rack Thumb Screw component, precision CNC machined from Grade 2 CP-Ti , isolated on pure white background, studio lighting, soft shadows, photorealistic, sharp focus, professional product photography, detailed surface texture showing CNC machining marks, 8K resolution, clean aesthetic, commercial product shot"
"titanium-pocket-comb","Titanium Pocket Comb","Grade 5 Ti-6Al-4V","High-quality 3D product rendering of a Titanium Pocket Comb component, precision CNC machined from Grade 5 Ti-6Al-4V , isolated on pure white background, studio lighting, soft shadows, photorealistic, sharp focus, professional product photography, detailed surface texture showing CNC machining marks, 8K resolution, clean aesthetic, commercial product shot"
"titanium-propeller-hub-cap","Titanium Propeller Hub Cap","Grade 5 Ti-6Al-4V","High-quality 3D product rendering of a Titanium Propeller Hub Cap component, precision CNC machined from Grade 5 Ti-6Al-4V , isolated on pure white background, studio lighting, soft shadows, photorealistic, sharp focus, professional product photography, detailed surface texture showing CNC machining marks, 8K resolution, clean aesthetic, commercial product shot"
"titanium-propeller-pitch-linkage","Titanium Propeller Pitch Linkage","Grade 5 Ti-6Al-4V","High-quality 3D product rendering of a Titanium Propeller Pitch Linkage component, precision CNC machined from Grade 5 Ti-6Al-4V , isolated on pure white background, studio lighting, soft shadows, photorealistic, sharp focus, professional product photography, detailed surface texture showing CNC machining marks, 8K resolution, clean aesthetic, commercial product shot"
"titanium-propeller-shaft","Titanium Propeller Shaft","Grade 5 Ti-6Al-4V","High-quality 3D product rendering of a Titanium Propeller Shaft component, precision CNC machined from Grade 5 Ti-6Al-4V , isolated on pure white background, studio lighting, soft shadows, photorealistic, sharp focus, professional product photography, detailed surface texture showing CNC machining marks, 8K resolution, clean aesthetic, commercial product shot"
"titanium-pump-shaft-sleeve","Titanium Pump Shaft Sleeve","Grade 2 CP-Ti","High-quality 3D product rendering of a Titanium Pump Shaft Sleeve component, precision CNC machined from Grade 2 CP-Ti , isolated on pure white background, studio lighting, soft shadows, photorealistic, sharp focus, professional product photography, detailed surface texture showing CNC machining marks, 8K resolution, clean aesthetic, commercial product shot"
"titanium-quartz-window-retainer","Titanium Quartz Window Retainer","Grade 5 Ti-6Al-4V","High-quality 3D product rendering of a Titanium Quartz Window Retainer component, precision CNC machined from Grade 5 Ti-6Al-4V , isolated on pure white background, studio lighting, soft shadows, photorealistic, sharp focus, professional product photography, detailed surface texture showing CNC machining marks, 8K resolution, clean aesthetic, commercial product shot"
"titanium-reactor-agitator-shaft","Titanium Reactor Agitator Shaft","Grade 12 Ti-0.3Mo-0.8Ni","High-quality 3D product rendering of a Titanium Reactor Agitator Shaft component, precision CNC machined from Grade 12 Ti-0.3Mo-0.8Ni , isolated on pure white background, studio lighting, soft shadows, photorealistic, sharp focus, professional product photography, detailed surface texture showing CNC machining marks, 8K resolution, clean aesthetic, commercial product shot"
"titanium-reactor-impeller-blade","Titanium Reactor Impeller Blade","Grade 12 Ti-0.3Mo-0.8Ni","High-quality 3D product rendering of a Titanium Reactor Impeller Blade component, precision CNC machined from Grade 12 Ti-0.3Mo-0.8Ni , isolated on pure white background, studio lighting, soft shadows, photorealistic, sharp focus, professional product photography, detailed surface texture showing CNC machining marks, 8K resolution, clean aesthetic, commercial product shot"
"titanium-reactor-lining-plate","Titanium Reactor Lining Plate","Grade 12 Ti-0.3Mo-0.8Ni","High-quality 3D product rendering of a Titanium Reactor Lining Plate component, precision CNC machined from Grade 12 Ti-0.3Mo-0.8Ni , isolated on pure white background, studio lighting, soft shadows, photorealistic, sharp focus, professional product photography, detailed surface texture showing CNC machining marks, 8K resolution, clean aesthetic, commercial product shot"
"titanium-rear-shock-coil-spring","Titanium Rear Shock Coil Spring","Grade 5 Ti-6Al-4V","High-quality 3D product rendering of a Titanium Rear Shock Coil Spring component, precision CNC machined from Grade 5 Ti-6Al-4V , isolated on pure white background, studio lighting, soft shadows, photorealistic, sharp focus, professional product photography, detailed surface texture showing CNC machining marks, 8K resolution, clean aesthetic, commercial product shot"
"titanium-rear-shock-mounting-bolt","Titanium Rear Shock Mounting Bolt","Grade 5 Ti-6Al-4V","High-quality 3D product rendering of a Titanium Rear Shock Mounting Bolt component, precision CNC machined from Grade 5 Ti-6Al-4V , isolated on pure white background, studio lighting, soft shadows, photorealistic, sharp focus, professional product photography, detailed surface texture showing CNC machining marks, 8K resolution, clean aesthetic, commercial product shot"
"titanium-rf-grounding-spring-finger","Titanium RF Grounding Spring Finger","Grade 2 CP-Ti (Bead Blasted)","High-quality 3D product rendering of a Titanium RF Grounding Spring Finger component, precision CNC machined from Grade 2 CP-Ti (Bead Blasted) , isolated on pure white background, studio lighting, soft shadows, photorealistic, sharp focus, professional product photography, detailed surface texture showing CNC machining marks, 8K resolution, clean aesthetic, commercial product shot"
"titanium-rocket-motor-case","Titanium Rocket Motor Case","Grade 5 Ti-6Al-4V","High-quality 3D product rendering of a Titanium Rocket Motor Case component, precision CNC machined from Grade 5 Ti-6Al-4V , isolated on pure white background, studio lighting, soft shadows, photorealistic, sharp focus, professional product photography, detailed surface texture showing CNC machining marks, 8K resolution, clean aesthetic, commercial product shot"
"titanium-rov-manipulator-knuckle","Titanium ROV Manipulator Knuckle","Grade 5 Ti-6Al-4V ELI","High-quality 3D product rendering of a Titanium ROV Manipulator Knuckle component, precision CNC machined from Grade 5 Ti-6Al-4V ELI , isolated on pure white background, studio lighting, soft shadows, photorealistic, sharp focus, professional product photography, detailed surface texture showing CNC machining marks, 8K resolution, clean aesthetic, commercial product shot"
"titanium-rov-tether-swivel-joint","Titanium ROV Tether Swivel Joint","Grade 5 Ti-6Al-4V ELI","High-quality 3D product rendering of a Titanium ROV Tether Swivel Joint component, precision CNC machined from Grade 5 Ti-6Al-4V ELI , isolated on pure white background, studio lighting, soft shadows, photorealistic, sharp focus, professional product photography, detailed surface texture showing CNC machining marks, 8K resolution, clean aesthetic, commercial product shot"
"titanium-saddle-clamp-washer","Titanium Saddle Clamp Washer","Grade 5 Ti-6Al-4V","High-quality 3D product rendering of a Titanium Saddle Clamp Washer component, precision CNC machined from Grade 5 Ti-6Al-4V , isolated on pure white background, studio lighting, soft shadows, photorealistic, sharp focus, professional product photography, detailed surface texture showing CNC machining marks, 8K resolution, clean aesthetic, commercial product shot"
"titanium-saddle-rail-clamp-bolt","Titanium Saddle Rail Clamp Bolt","Grade 5 Ti-6Al-4V","High-quality 3D product rendering of a Titanium Saddle Rail Clamp Bolt component, precision CNC machined from Grade 5 Ti-6Al-4V , isolated on pure white background, studio lighting, soft shadows, photorealistic, sharp focus, professional product photography, detailed surface texture showing CNC machining marks, 8K resolution, clean aesthetic, commercial product shot"
"titanium-satellite-deployment-shaft","Titanium Satellite Deployment Shaft","Grade 5 Ti-6Al-4V","High-quality 3D product rendering of a Titanium Satellite Deployment Shaft component, precision CNC machined from Grade 5 Ti-6Al-4V , isolated on pure white background, studio lighting, soft shadows, photorealistic, sharp focus, professional product photography, detailed surface texture showing CNC machining marks, 8K resolution, clean aesthetic, commercial product shot"
"titanium-seatpost-collar-bolt","Titanium Seatpost Collar Bolt","Grade 5 Ti-6Al-4V","High-quality 3D product rendering of a Titanium Seatpost Collar Bolt component, precision CNC machined from Grade 5 Ti-6Al-4V , isolated on pure white background, studio lighting, soft shadows, photorealistic, sharp focus, professional product photography, detailed surface texture showing CNC machining marks, 8K resolution, clean aesthetic, commercial product shot"
"titanium-seawater-strainer-housing","Titanium Seawater Strainer Housing","Grade 5 Ti-6Al-4V ELI","High-quality 3D product rendering of a Titanium Seawater Strainer Housing component, precision CNC machined from Grade 5 Ti-6Al-4V ELI , isolated on pure white background, studio lighting, soft shadows, photorealistic, sharp focus, professional product photography, detailed surface texture showing CNC machining marks, 8K resolution, clean aesthetic, commercial product shot"
"titanium-segmented-clamping-ring","Titanium Segmented Clamping Ring","Grade 5 Ti-6Al-4V","High-quality 3D product rendering of a Titanium Segmented Clamping Ring component, precision CNC machined from Grade 5 Ti-6Al-4V , isolated on pure white background, studio lighting, soft shadows, photorealistic, sharp focus, professional product photography, detailed surface texture showing CNC machining marks, 8K resolution, clean aesthetic, commercial product shot"
"titanium-serrated-lock-washer","Titanium Serrated Lock Washer","Grade 5 Ti-6Al-4V","High-quality 3D product rendering of a Titanium Serrated Lock Washer component, precision CNC machined from Grade 5 Ti-6Al-4V , isolated on pure white background, studio lighting, soft shadows, photorealistic, sharp focus, professional product photography, detailed surface texture showing CNC machining marks, 8K resolution, clean aesthetic, commercial product shot"
"titanium-shadow-ring-bracket","Titanium Shadow Ring Bracket","Grade 2 CP-Ti (Bead Blasted)","High-quality 3D product rendering of a Titanium Shadow Ring Bracket component, precision CNC machined from Grade 2 CP-Ti (Bead Blasted) , isolated on pure white background, studio lighting, soft shadows, photorealistic, sharp focus, professional product photography, detailed surface texture showing CNC machining marks, 8K resolution, clean aesthetic, commercial product shot"
"titanium-shield-stand-off-bushing","Titanium Shield Stand-off Bushing","Grade 2 CP-Ti (Bead Blasted)","High-quality 3D product rendering of a Titanium Shield Stand-off Bushing component, precision CNC machined from Grade 2 CP-Ti (Bead Blasted) , isolated on pure white background, studio lighting, soft shadows, photorealistic, sharp focus, professional product photography, detailed surface texture showing CNC machining marks, 8K resolution, clean aesthetic, commercial product shot"
"titanium-shift-lever-clamp-band","Titanium Shift Lever Clamp Band","Grade 5 Ti-6Al-4V","High-quality 3D product rendering of a Titanium Shift Lever Clamp Band component, precision CNC machined from Grade 5 Ti-6Al-4V , isolated on pure white background, studio lighting, soft shadows, photorealistic, sharp focus, professional product photography, detailed surface texture showing CNC machining marks, 8K resolution, clean aesthetic, commercial product shot"
"titanium-sim-tray-eject-pin","Titanium SIM Tray Eject Pin","Grade 5 Ti-6Al-4V","High-quality 3D product rendering of a Titanium SIM Tray Eject Pin component, precision CNC machined from Grade 5 Ti-6Al-4V , isolated on pure white background, studio lighting, soft shadows, photorealistic, sharp focus, professional product photography, detailed surface texture showing CNC machining marks, 8K resolution, clean aesthetic, commercial product shot"
"titanium-sintered-filter-element","Titanium Sintered Filter Element","Grade 2 CP-Ti","High-quality 3D product rendering of a Titanium Sintered Filter Element component, precision CNC machined from Grade 2 CP-Ti , isolated on pure white background, studio lighting, soft shadows, photorealistic, sharp focus, professional product photography, detailed surface texture showing CNC machining marks, 8K resolution, clean aesthetic, commercial product shot"
"titanium-slip-on-flange","Titanium Slip-On Flange","Grade 2 CP-Ti","High-quality 3D product rendering of a Titanium Slip-On Flange component, precision CNC machined from Grade 2 CP-Ti , isolated on pure white background, studio lighting, soft shadows, photorealistic, sharp focus, professional product photography, detailed surface texture showing CNC machining marks, 8K resolution, clean aesthetic, commercial product shot"
"titanium-slit-valve-oval-bezel","Titanium Slit-Valve Oval Bezel","Grade 5 Ti-6Al-4V","High-quality 3D product rendering of a Titanium Slit-Valve Oval Bezel component, precision CNC machined from Grade 5 Ti-6Al-4V , isolated on pure white background, studio lighting, soft shadows, photorealistic, sharp focus, professional product photography, detailed surface texture showing CNC machining marks, 8K resolution, clean aesthetic, commercial product shot"
"titanium-slit-valve-protection-shunt","Titanium Slit-Valve Protection Shunt","Grade 2 CP-Ti (Bead Blasted)","High-quality 3D product rendering of a Titanium Slit-Valve Protection Shunt component, precision CNC machined from Grade 2 CP-Ti (Bead Blasted) , isolated on pure white background, studio lighting, soft shadows, photorealistic, sharp focus, professional product photography, detailed surface texture showing CNC machining marks, 8K resolution, clean aesthetic, commercial product shot"
"titanium-sludge-scraper-blade","Titanium Sludge Scraper Blade","Grade 2 CP-Ti","High-quality 3D product rendering of a Titanium Sludge Scraper Blade component, precision CNC machined from Grade 2 CP-Ti , isolated on pure white background, studio lighting, soft shadows, photorealistic, sharp focus, professional product photography, detailed surface texture showing CNC machining marks, 8K resolution, clean aesthetic, commercial product shot"
"titanium-smart-glasses-temple-arm","Titanium Smart Glasses Temple Arm","Grade 5 Ti-6Al-4V","High-quality 3D product rendering of a Titanium Smart Glasses Temple Arm component, precision CNC machined from Grade 5 Ti-6Al-4V , isolated on pure white background, studio lighting, soft shadows, photorealistic, sharp focus, professional product photography, detailed surface texture showing CNC machining marks, 8K resolution, clean aesthetic, commercial product shot"
"titanium-smartphone-mid-frame","Titanium Smartphone Mid-Frame","Grade 5 Ti-6Al-4V","High-quality 3D product rendering of a Titanium Smartphone Mid-Frame component, precision CNC machined from Grade 5 Ti-6Al-4V , isolated on pure white background, studio lighting, soft shadows, photorealistic, sharp focus, professional product photography, detailed surface texture showing CNC machining marks, 8K resolution, clean aesthetic, commercial product shot"
"titanium-smartphone-sim-tray","Titanium Smartphone SIM Tray","Grade 5 Ti-6Al-4V","High-quality 3D product rendering of a Titanium Smartphone SIM Tray component, precision CNC machined from Grade 5 Ti-6Al-4V , isolated on pure white background, studio lighting, soft shadows, photorealistic, sharp focus, professional product photography, detailed surface texture showing CNC machining marks, 8K resolution, clean aesthetic, commercial product shot"
"titanium-smartphone-volume-button","Titanium Smartphone Volume Button","Grade 5 Ti-6Al-4V","High-quality 3D product rendering of a Titanium Smartphone Volume Button component, precision CNC machined from Grade 5 Ti-6Al-4V , isolated on pure white background, studio lighting, soft shadows, photorealistic, sharp focus, professional product photography, detailed surface texture showing CNC machining marks, 8K resolution, clean aesthetic, commercial product shot"
"titanium-smartwatch-bezel","Titanium Smartwatch Bezel","Grade 5 Ti-6Al-4V","High-quality 3D product rendering of a Titanium Smartwatch Bezel component, precision CNC machined from Grade 5 Ti-6Al-4V , isolated on pure white background, studio lighting, soft shadows, photorealistic, sharp focus, professional product photography, detailed surface texture showing CNC machining marks, 8K resolution, clean aesthetic, commercial product shot"
"titanium-socket-head-cap-screw-iso-4762","Titanium Socket Head Cap Screw (ISO 4762)","Grade 5 Ti-6Al-4V","High-quality 3D product rendering of a Titanium Socket Head Cap Screw (ISO 4762) component, precision CNC machined from Grade 5 Ti-6Al-4V , isolated on pure white background, studio lighting, soft shadows, photorealistic, sharp focus, professional product photography, detailed surface texture showing CNC machining marks, 8K resolution, clean aesthetic, commercial product shot"
"titanium-spent-fuel-cask-bolt","Titanium Spent Fuel Cask Bolt","Grade 2 CP-Ti","High-quality 3D product rendering of a Titanium Spent Fuel Cask Bolt component, precision CNC machined from Grade 2 CP-Ti , isolated on pure white background, studio lighting, soft shadows, photorealistic, sharp focus, professional product photography, detailed surface texture showing CNC machining marks, 8K resolution, clean aesthetic, commercial product shot"
"titanium-spinal-fixation-rod","Titanium Spinal Fixation Rod","Grade 9 Ti-3Al-2.5V","High-quality 3D product rendering of a Titanium Spinal Fixation Rod component, precision CNC machined from Grade 9 Ti-3Al-2.5V , isolated on pure white background, studio lighting, soft shadows, photorealistic, sharp focus, professional product photography, detailed surface texture showing CNC machining marks, 8K resolution, clean aesthetic, commercial product shot"
"titanium-spinal-interbody-cage","Titanium Spinal Interbody Cage","Ti-6Al-4V ELI (ASTM F136)","High-quality 3D product rendering of a Titanium Spinal Interbody Cage component, precision CNC machined from Ti-6Al-4V ELI (ASTM F136) , isolated on pure white background, studio lighting, soft shadows, photorealistic, sharp focus, professional product photography, detailed surface texture showing CNC machining marks, 8K resolution, clean aesthetic, commercial product shot"
"titanium-spinal-pedicle-screw","Titanium Spinal Pedicle Screw","Ti-6Al-4V ELI (ASTM F136)","High-quality 3D product rendering of a Titanium Spinal Pedicle Screw component, precision CNC machined from Ti-6Al-4V ELI (ASTM F136) , isolated on pure white background, studio lighting, soft shadows, photorealistic, sharp focus, professional product photography, detailed surface texture showing CNC machining marks, 8K resolution, clean aesthetic, commercial product shot"
"titanium-split-ring-quick-flange","Titanium Split-Ring Quick Flange","Grade 5 Ti-6Al-4V","High-quality 3D product rendering of a Titanium Split-Ring Quick Flange component, precision CNC machined from Grade 5 Ti-6Al-4V , isolated on pure white background, studio lighting, soft shadows, photorealistic, sharp focus, professional product photography, detailed surface texture showing CNC machining marks, 8K resolution, clean aesthetic, commercial product shot"
"titanium-spoke-nipple","Titanium Spoke Nipple","Grade 5 Ti-6Al-4V","High-quality 3D product rendering of a Titanium Spoke Nipple component, precision CNC machined from Grade 5 Ti-6Al-4V , isolated on pure white background, studio lighting, soft shadows, photorealistic, sharp focus, professional product photography, detailed surface texture showing CNC machining marks, 8K resolution, clean aesthetic, commercial product shot"
"titanium-spring-lock-washer-din-127","Titanium Spring Lock Washer (DIN 127)","Grade 5 Ti-6Al-4V","High-quality 3D product rendering of a Titanium Spring Lock Washer (DIN 127) component, precision CNC machined from Grade 5 Ti-6Al-4V , isolated on pure white background, studio lighting, soft shadows, photorealistic, sharp focus, professional product photography, detailed surface texture showing CNC machining marks, 8K resolution, clean aesthetic, commercial product shot"
"titanium-ssd-armor-enclosure","Titanium SSD Armor Enclosure","Grade 5 Ti-6Al-4V","High-quality 3D product rendering of a Titanium SSD Armor Enclosure component, precision CNC machined from Grade 5 Ti-6Al-4V , isolated on pure white background, studio lighting, soft shadows, photorealistic, sharp focus, professional product photography, detailed surface texture showing CNC machining marks, 8K resolution, clean aesthetic, commercial product shot"
"titanium-steam-generator-nozzle","Titanium Steam Generator Nozzle","Grade 2 CP-Ti","High-quality 3D product rendering of a Titanium Steam Generator Nozzle component, precision CNC machined from Grade 2 CP-Ti , isolated on pure white background, studio lighting, soft shadows, photorealistic, sharp focus, professional product photography, detailed surface texture showing CNC machining marks, 8K resolution, clean aesthetic, commercial product shot"
"titanium-steam-heating-coil","Titanium Steam Heating Coil","Grade 2 CP-Ti","High-quality 3D product rendering of a Titanium Steam Heating Coil component, precision CNC machined from Grade 2 CP-Ti , isolated on pure white background, studio lighting, soft shadows, photorealistic, sharp focus, professional product photography, detailed surface texture showing CNC machining marks, 8K resolution, clean aesthetic, commercial product shot"
"titanium-stem-faceplate-bolt","Titanium Stem Faceplate Bolt","Grade 5 Ti-6Al-4V","High-quality 3D product rendering of a Titanium Stem Faceplate Bolt component, precision CNC machined from Grade 5 Ti-6Al-4V , isolated on pure white background, studio lighting, soft shadows, photorealistic, sharp focus, professional product photography, detailed surface texture showing CNC machining marks, 8K resolution, clean aesthetic, commercial product shot"
"titanium-stem-steerer-clamp-bolt","Titanium Stem Steerer Clamp Bolt","Grade 5 Ti-6Al-4V","High-quality 3D product rendering of a Titanium Stem Steerer Clamp Bolt component, precision CNC machined from Grade 5 Ti-6Al-4V , isolated on pure white background, studio lighting, soft shadows, photorealistic, sharp focus, professional product photography, detailed surface texture showing CNC machining marks, 8K resolution, clean aesthetic, commercial product shot"
"titanium-stub-end-lap-joint","Titanium Stub End (Lap Joint)","Grade 2 CP-Ti","High-quality 3D product rendering of a Titanium Stub End (Lap Joint) component, precision CNC machined from Grade 2 CP-Ti , isolated on pure white background, studio lighting, soft shadows, photorealistic, sharp focus, professional product photography, detailed surface texture showing CNC machining marks, 8K resolution, clean aesthetic, commercial product shot"
"titanium-stud-bolt-astm-a193","Titanium Stud Bolt (ASTM A193)","Grade 5 Ti-6Al-4V","High-quality 3D product rendering of a Titanium Stud Bolt (ASTM A193) component, precision CNC machined from Grade 5 Ti-6Al-4V , isolated on pure white background, studio lighting, soft shadows, photorealistic, sharp focus, professional product photography, detailed surface texture showing CNC machining marks, 8K resolution, clean aesthetic, commercial product shot"
"titanium-stylus-pen-core-rod","Titanium Stylus Pen Core Rod","Grade 5 Ti-6Al-4V","High-quality 3D product rendering of a Titanium Stylus Pen Core Rod component, precision CNC machined from Grade 5 Ti-6Al-4V , isolated on pure white background, studio lighting, soft shadows, photorealistic, sharp focus, professional product photography, detailed surface texture showing CNC machining marks, 8K resolution, clean aesthetic, commercial product shot"
"titanium-submarine-engine-mount-stud","Titanium Submarine Engine Mount Stud","Grade 5 Ti-6Al-4V","High-quality 3D product rendering of a Titanium Submarine Engine Mount Stud component, precision CNC machined from Grade 5 Ti-6Al-4V , isolated on pure white background, studio lighting, soft shadows, photorealistic, sharp focus, professional product photography, detailed surface texture showing CNC machining marks, 8K resolution, clean aesthetic, commercial product shot"
"titanium-submarine-steering-rudder-pin","Titanium Submarine Steering Rudder Pin","Grade 5 Ti-6Al-4V","High-quality 3D product rendering of a Titanium Submarine Steering Rudder Pin component, precision CNC machined from Grade 5 Ti-6Al-4V , isolated on pure white background, studio lighting, soft shadows, photorealistic, sharp focus, professional product photography, detailed surface texture showing CNC machining marks, 8K resolution, clean aesthetic, commercial product shot"
"titanium-submersible-pressure-hull","Titanium Submersible Pressure Hull","Grade 5 Ti-6Al-4V ELI","High-quality 3D product rendering of a Titanium Submersible Pressure Hull component, precision CNC machined from Grade 5 Ti-6Al-4V ELI , isolated on pure white background, studio lighting, soft shadows, photorealistic, sharp focus, professional product photography, detailed surface texture showing CNC machining marks, 8K resolution, clean aesthetic, commercial product shot"
"titanium-subsea-battery-clamp-ring","Titanium Subsea Battery Clamp Ring","Grade 5 Ti-6Al-4V ELI","High-quality 3D product rendering of a Titanium Subsea Battery Clamp Ring component, precision CNC machined from Grade 5 Ti-6Al-4V ELI , isolated on pure white background, studio lighting, soft shadows, photorealistic, sharp focus, professional product photography, detailed surface texture showing CNC machining marks, 8K resolution, clean aesthetic, commercial product shot"
"titanium-subsea-chemical-injection-mandrel","Titanium Subsea Chemical Injection Mandrel","Grade 5 Ti-6Al-4V ELI","High-quality 3D product rendering of a Titanium Subsea Chemical Injection Mandrel component, precision CNC machined from Grade 5 Ti-6Al-4V ELI , isolated on pure white background, studio lighting, soft shadows, photorealistic, sharp focus, professional product photography, detailed surface texture showing CNC machining marks, 8K resolution, clean aesthetic, commercial product shot"
"titanium-subsea-manifold-swivel-flange","Titanium Subsea Manifold Swivel Flange","Grade 5 Ti-6Al-4V ELI","High-quality 3D product rendering of a Titanium Subsea Manifold Swivel Flange component, precision CNC machined from Grade 5 Ti-6Al-4V ELI , isolated on pure white background, studio lighting, soft shadows, photorealistic, sharp focus, professional product photography, detailed surface texture showing CNC machining marks, 8K resolution, clean aesthetic, commercial product shot"
"titanium-subsea-wellhead-valve-block","Titanium Subsea Wellhead Valve Block","Grade 5 Ti-6Al-4V ELI","High-quality 3D product rendering of a Titanium Subsea Wellhead Valve Block component, precision CNC machined from Grade 5 Ti-6Al-4V ELI , isolated on pure white background, studio lighting, soft shadows, photorealistic, sharp focus, professional product photography, detailed surface texture showing CNC machining marks, 8K resolution, clean aesthetic, commercial product shot"
"titanium-sulfuric-acid-injection-quill","Titanium Sulfuric Acid Injection Quill","Grade 12 Ti-0.3Mo-0.8Ni","High-quality 3D product rendering of a Titanium Sulfuric Acid Injection Quill component, precision CNC machined from Grade 12 Ti-0.3Mo-0.8Ni , isolated on pure white background, studio lighting, soft shadows, photorealistic, sharp focus, professional product photography, detailed surface texture showing CNC machining marks, 8K resolution, clean aesthetic, commercial product shot"
"titanium-surgical-forceps","Titanium Surgical Forceps","Grade 5 Ti-6Al-4V","High-quality 3D product rendering of a Titanium Surgical Forceps component, precision CNC machined from Grade 5 Ti-6Al-4V , isolated on pure white background, studio lighting, soft shadows, photorealistic, sharp focus, professional product photography, detailed surface texture showing CNC machining marks, 8K resolution, clean aesthetic, commercial product shot"
"titanium-surgical-retractor-blade","Titanium Surgical Retractor Blade","Grade 9 Ti-3Al-2.5V","High-quality 3D product rendering of a Titanium Surgical Retractor Blade component, precision CNC machined from Grade 9 Ti-3Al-2.5V , isolated on pure white background, studio lighting, soft shadows, photorealistic, sharp focus, professional product photography, detailed surface texture showing CNC machining marks, 8K resolution, clean aesthetic, commercial product shot"
"titanium-surgical-scissors-pivot-pin","Titanium Surgical Scissors Pivot Pin","Grade 5 Ti-6Al-4V","High-quality 3D product rendering of a Titanium Surgical Scissors Pivot Pin component, precision CNC machined from Grade 5 Ti-6Al-4V , isolated on pure white background, studio lighting, soft shadows, photorealistic, sharp focus, professional product photography, detailed surface texture showing CNC machining marks, 8K resolution, clean aesthetic, commercial product shot"
"titanium-suspension-tie-rod","Titanium Suspension Tie Rod","Grade 5 Ti-6Al-4V","High-quality 3D product rendering of a Titanium Suspension Tie Rod component, precision CNC machined from Grade 5 Ti-6Al-4V , isolated on pure white background, studio lighting, soft shadows, photorealistic, sharp focus, professional product photography, detailed surface texture showing CNC machining marks, 8K resolution, clean aesthetic, commercial product shot"
"titanium-tank-rim-mounting-bracket","Titanium Tank Rim Mounting Bracket","Grade 2 CP-Ti","High-quality 3D product rendering of a Titanium Tank Rim Mounting Bracket component, precision CNC machined from Grade 2 CP-Ti , isolated on pure white background, studio lighting, soft shadows, photorealistic, sharp focus, professional product photography, detailed surface texture showing CNC machining marks, 8K resolution, clean aesthetic, commercial product shot"
"titanium-tavi-frame","Titanium TAVI Frame","Nitinol (ASTM F2063)","High-quality 3D product rendering of a Titanium TAVI Frame component, precision CNC machined from Nitinol (ASTM F2063) , isolated on pure white background, studio lighting, soft shadows, photorealistic, sharp focus, professional product photography, detailed surface texture showing CNC machining marks, 8K resolution, clean aesthetic, commercial product shot"
"titanium-thermowell","Titanium Thermowell","Grade 2 CP-Ti","High-quality 3D product rendering of a Titanium Thermowell component, precision CNC machined from Grade 2 CP-Ti , isolated on pure white background, studio lighting, soft shadows, photorealistic, sharp focus, professional product photography, detailed surface texture showing CNC machining marks, 8K resolution, clean aesthetic, commercial product shot"
"titanium-threaded-blind-stud-interior","Titanium Threaded Blind Stud (Interior)","Grade 2 CP-Ti (Bead Blasted)","High-quality 3D product rendering of a Titanium Threaded Blind Stud (Interior) component, precision CNC machined from Grade 2 CP-Ti (Bead Blasted) , isolated on pure white background, studio lighting, soft shadows, photorealistic, sharp focus, professional product photography, detailed surface texture showing CNC machining marks, 8K resolution, clean aesthetic, commercial product shot"
"titanium-threaded-npt-nipple","Titanium Threaded NPT Nipple","Grade 2 CP-Ti","High-quality 3D product rendering of a Titanium Threaded NPT Nipple component, precision CNC machined from Grade 2 CP-Ti , isolated on pure white background, studio lighting, soft shadows, photorealistic, sharp focus, professional product photography, detailed surface texture showing CNC machining marks, 8K resolution, clean aesthetic, commercial product shot"
"titanium-threaded-rod-1m","Titanium Threaded Rod (1m)","Grade 5 Ti-6Al-4V","High-quality 3D product rendering of a Titanium Threaded Rod (1m) component, precision CNC machined from Grade 5 Ti-6Al-4V , isolated on pure white background, studio lighting, soft shadows, photorealistic, sharp focus, professional product photography, detailed surface texture showing CNC machining marks, 8K resolution, clean aesthetic, commercial product shot"
"titanium-thru-axle","Titanium Thru-Axle","Grade 5 Ti-6Al-4V","High-quality 3D product rendering of a Titanium Thru-Axle component, precision CNC machined from Grade 5 Ti-6Al-4V , isolated on pure white background, studio lighting, soft shadows, photorealistic, sharp focus, professional product photography, detailed surface texture showing CNC machining marks, 8K resolution, clean aesthetic, commercial product shot"
"titanium-trim-tab-hydraulic-ram-end","Titanium Trim Tab Hydraulic Ram End","Grade 5 Ti-6Al-4V","High-quality 3D product rendering of a Titanium Trim Tab Hydraulic Ram End component, precision CNC machined from Grade 5 Ti-6Al-4V , isolated on pure white background, studio lighting, soft shadows, photorealistic, sharp focus, professional product photography, detailed surface texture showing CNC machining marks, 8K resolution, clean aesthetic, commercial product shot"
"titanium-tws-earbud-grille","Titanium TWS Earbud Grille","Grade 5 Ti-6Al-4V","High-quality 3D product rendering of a Titanium TWS Earbud Grille component, precision CNC machined from Grade 5 Ti-6Al-4V , isolated on pure white background, studio lighting, soft shadows, photorealistic, sharp focus, professional product photography, detailed surface texture showing CNC machining marks, 8K resolution, clean aesthetic, commercial product shot"
"titanium-u-bolt","Titanium U-Bolt","Grade 5 Ti-6Al-4V","High-quality 3D product rendering of a Titanium U-Bolt component, precision CNC machined from Grade 5 Ti-6Al-4V , isolated on pure white background, studio lighting, soft shadows, photorealistic, sharp focus, professional product photography, detailed surface texture showing CNC machining marks, 8K resolution, clean aesthetic, commercial product shot"
"titanium-uhp-hydrogen-tube-fitting","Titanium UHP Hydrogen Tube Fitting","Grade 2 CP-Ti","High-quality 3D product rendering of a Titanium UHP Hydrogen Tube Fitting component, precision CNC machined from Grade 2 CP-Ti , isolated on pure white background, studio lighting, soft shadows, photorealistic, sharp focus, professional product photography, detailed surface texture showing CNC machining marks, 8K resolution, clean aesthetic, commercial product shot"
"titanium-ultrasonic-booster-35khz","Titanium Ultrasonic Booster 35kHz","Grade 5 Ti-6Al-4V (Triaxially Forged)","High-quality 3D product rendering of a Titanium Ultrasonic Booster 35kHz component, precision CNC machined from Grade 5 Ti-6Al-4V (Triaxially Forged) , isolated on pure white background, studio lighting, soft shadows, photorealistic, sharp focus, professional product photography, detailed surface texture showing CNC machining marks, 8K resolution, clean aesthetic, commercial product shot"
"titanium-ultrasonic-connecting-stud","Titanium Ultrasonic Connecting Stud","Grade 5 Ti-6Al-4V (Triaxially Forged)","High-quality 3D product rendering of a Titanium Ultrasonic Connecting Stud component, precision CNC machined from Grade 5 Ti-6Al-4V (Triaxially Forged) , isolated on pure white background, studio lighting, soft shadows, photorealistic, sharp focus, professional product photography, detailed surface texture showing CNC machining marks, 8K resolution, clean aesthetic, commercial product shot"
"titanium-ultrasonic-food-cutting-blade","Titanium Ultrasonic Food Cutting Blade","Grade 5 Ti-6Al-4V (Triaxially Forged)","High-quality 3D product rendering of a Titanium Ultrasonic Food Cutting Blade component, precision CNC machined from Grade 5 Ti-6Al-4V (Triaxially Forged) , isolated on pure white background, studio lighting, soft shadows, photorealistic, sharp focus, professional product photography, detailed surface texture showing CNC machining marks, 8K resolution, clean aesthetic, commercial product shot"
"titanium-ultrasonic-horn-20khz","Titanium Ultrasonic Horn 20kHz","Grade 5 Ti-6Al-4V (Triaxially Forged)","High-quality 3D product rendering of a Titanium Ultrasonic Horn 20kHz component, precision CNC machined from Grade 5 Ti-6Al-4V (Triaxially Forged) , isolated on pure white background, studio lighting, soft shadows, photorealistic, sharp focus, professional product photography, detailed surface texture showing CNC machining marks, 8K resolution, clean aesthetic, commercial product shot"
"titanium-ultrasonic-knurled-insert","Titanium Ultrasonic Knurled Insert","Grade 5 Ti-6Al-4V (Triaxially Forged)","High-quality 3D product rendering of a Titanium Ultrasonic Knurled Insert component, precision CNC machined from Grade 5 Ti-6Al-4V (Triaxially Forged) , isolated on pure white background, studio lighting, soft shadows, photorealistic, sharp focus, professional product photography, detailed surface texture showing CNC machining marks, 8K resolution, clean aesthetic, commercial product shot"
"titanium-ultrasonic-medical-sonotrode-40khz","Titanium Ultrasonic Medical Sonotrode 40kHz","Grade 5 Ti-6Al-4V (Triaxially Forged)","High-quality 3D product rendering of a Titanium Ultrasonic Medical Sonotrode 40kHz component, precision CNC machined from Grade 5 Ti-6Al-4V (Triaxially Forged) , isolated on pure white background, studio lighting, soft shadows, photorealistic, sharp focus, professional product photography, detailed surface texture showing CNC machining marks, 8K resolution, clean aesthetic, commercial product shot"
"titanium-ultrasonic-nodal-clamp-ring","Titanium Ultrasonic Nodal Clamp Ring","Grade 5 Ti-6Al-4V (Triaxially Forged)","High-quality 3D product rendering of a Titanium Ultrasonic Nodal Clamp Ring component, precision CNC machined from Grade 5 Ti-6Al-4V (Triaxially Forged) , isolated on pure white background, studio lighting, soft shadows, photorealistic, sharp focus, professional product photography, detailed surface texture showing CNC machining marks, 8K resolution, clean aesthetic, commercial product shot"
"titanium-ultrasonic-rotary-horn","Titanium Ultrasonic Rotary Horn","Grade 5 Ti-6Al-4V (Triaxially Forged)","High-quality 3D product rendering of a Titanium Ultrasonic Rotary Horn component, precision CNC machined from Grade 5 Ti-6Al-4V (Triaxially Forged) , isolated on pure white background, studio lighting, soft shadows, photorealistic, sharp focus, professional product photography, detailed surface texture showing CNC machining marks, 8K resolution, clean aesthetic, commercial product shot"
"titanium-ultrasonic-slot-patterned-horn","Titanium Ultrasonic Slot-Patterned Horn","Grade 5 Ti-6Al-4V (Triaxially Forged)","High-quality 3D product rendering of a Titanium Ultrasonic Slot-Patterned Horn component, precision CNC machined from Grade 5 Ti-6Al-4V (Triaxially Forged) , isolated on pure white background, studio lighting, soft shadows, photorealistic, sharp focus, professional product photography, detailed surface texture showing CNC machining marks, 8K resolution, clean aesthetic, commercial product shot"
"titanium-underwater-camera-housing","Titanium Underwater Camera Housing","Grade 5 Ti-6Al-4V ELI","High-quality 3D product rendering of a Titanium Underwater Camera Housing component, precision CNC machined from Grade 5 Ti-6Al-4V ELI , isolated on pure white background, studio lighting, soft shadows, photorealistic, sharp focus, professional product photography, detailed surface texture showing CNC machining marks, 8K resolution, clean aesthetic, commercial product shot"
"titanium-upper-wishbone-clevis","Titanium Upper Wishbone Clevis","Grade 5 Ti-6Al-4V","High-quality 3D product rendering of a Titanium Upper Wishbone Clevis component, precision CNC machined from Grade 5 Ti-6Al-4V , isolated on pure white background, studio lighting, soft shadows, photorealistic, sharp focus, professional product photography, detailed surface texture showing CNC machining marks, 8K resolution, clean aesthetic, commercial product shot"
"titanium-valve-strainer-basket","Titanium Valve Strainer Basket","Grade 5 Ti-6Al-4V","High-quality 3D product rendering of a Titanium Valve Strainer Basket component, precision CNC machined from Grade 5 Ti-6Al-4V , isolated on pure white background, studio lighting, soft shadows, photorealistic, sharp focus, professional product photography, detailed surface texture showing CNC machining marks, 8K resolution, clean aesthetic, commercial product shot"
"titanium-vcr-female-nut","Titanium VCR Female Nut","Grade 2 CP-Ti (UHP Melt)","High-quality 3D product rendering of a Titanium VCR Female Nut component, precision CNC machined from Grade 2 CP-Ti (UHP Melt) , isolated on pure white background, studio lighting, soft shadows, photorealistic, sharp focus, professional product photography, detailed surface texture showing CNC machining marks, 8K resolution, clean aesthetic, commercial product shot"
"titanium-vcr-male-gland","Titanium VCR Male Gland","Grade 2 CP-Ti (UHP Melt)","High-quality 3D product rendering of a Titanium VCR Male Gland component, precision CNC machined from Grade 2 CP-Ti (UHP Melt) , isolated on pure white background, studio lighting, soft shadows, photorealistic, sharp focus, professional product photography, detailed surface texture showing CNC machining marks, 8K resolution, clean aesthetic, commercial product shot"
"titanium-vcr-micro-gasket","Titanium VCR Micro-Gasket","Grade 2 CP-Ti (UHP Melt)","High-quality 3D product rendering of a Titanium VCR Micro-Gasket component, precision CNC machined from Grade 2 CP-Ti (UHP Melt) , isolated on pure white background, studio lighting, soft shadows, photorealistic, sharp focus, professional product photography, detailed surface texture showing CNC machining marks, 8K resolution, clean aesthetic, commercial product shot"
"titanium-vented-vacuum-screw","Titanium Vented Vacuum Screw","Grade 5 Ti-6Al-4V","High-quality 3D product rendering of a Titanium Vented Vacuum Screw component, precision CNC machined from Grade 5 Ti-6Al-4V , isolated on pure white background, studio lighting, soft shadows, photorealistic, sharp focus, professional product photography, detailed surface texture showing CNC machining marks, 8K resolution, clean aesthetic, commercial product shot"
"titanium-wafer-handling-end-effector","Titanium Wafer Handling End-Effector","Grade 5 Ti-6Al-4V","High-quality 3D product rendering of a Titanium Wafer Handling End-Effector component, precision CNC machined from Grade 5 Ti-6Al-4V , isolated on pure white background, studio lighting, soft shadows, photorealistic, sharp focus, professional product photography, detailed surface texture showing CNC machining marks, 8K resolution, clean aesthetic, commercial product shot"
"titanium-wallet-card-case","Titanium Wallet Card Case","Grade 5 Ti-6Al-4V","High-quality 3D product rendering of a Titanium Wallet Card Case component, precision CNC machined from Grade 5 Ti-6Al-4V , isolated on pure white background, studio lighting, soft shadows, photorealistic, sharp focus, professional product photography, detailed surface texture showing CNC machining marks, 8K resolution, clean aesthetic, commercial product shot"
"titanium-water-bottle-cage-bolt","Titanium Water Bottle Cage Bolt","Grade 5 Ti-6Al-4V","High-quality 3D product rendering of a Titanium Water Bottle Cage Bolt component, precision CNC machined from Grade 5 Ti-6Al-4V , isolated on pure white background, studio lighting, soft shadows, photorealistic, sharp focus, professional product photography, detailed surface texture showing CNC machining marks, 8K resolution, clean aesthetic, commercial product shot"
"titanium-water-bottle-cage","Titanium Water Bottle Cage","Grade 5 Ti-6Al-4V","High-quality 3D product rendering of a Titanium Water Bottle Cage component, precision CNC machined from Grade 5 Ti-6Al-4V , isolated on pure white background, studio lighting, soft shadows, photorealistic, sharp focus, professional product photography, detailed surface texture showing CNC machining marks, 8K resolution, clean aesthetic, commercial product shot"
"titanium-waterjet-impeller","Titanium Waterjet Impeller","Grade 5 Ti-6Al-4V","High-quality 3D product rendering of a Titanium Waterjet Impeller component, precision CNC machined from Grade 5 Ti-6Al-4V , isolated on pure white background, studio lighting, soft shadows, photorealistic, sharp focus, professional product photography, detailed surface texture showing CNC machining marks, 8K resolution, clean aesthetic, commercial product shot"
"titanium-weld-neck-flange","Titanium Weld Neck Flange","Grade 2 CP-Ti","High-quality 3D product rendering of a Titanium Weld Neck Flange component, precision CNC machined from Grade 2 CP-Ti , isolated on pure white background, studio lighting, soft shadows, photorealistic, sharp focus, professional product photography, detailed surface texture showing CNC machining marks, 8K resolution, clean aesthetic, commercial product shot"
"titanium-wheel-hub-pawl-spring","Titanium Wheel Hub Pawl Spring","Grade 5 Ti-6Al-4V","High-quality 3D product rendering of a Titanium Wheel Hub Pawl Spring component, precision CNC machined from Grade 5 Ti-6Al-4V , isolated on pure white background, studio lighting, soft shadows, photorealistic, sharp focus, professional product photography, detailed surface texture showing CNC machining marks, 8K resolution, clean aesthetic, commercial product shot"
"titanium-wheel-spoke","Titanium Wheel Spoke","Grade 5 Ti-6Al-4V","High-quality 3D product rendering of a Titanium Wheel Spoke component, precision CNC machined from Grade 5 Ti-6Al-4V , isolated on pure white background, studio lighting, soft shadows, photorealistic, sharp focus, professional product photography, detailed surface texture showing CNC machining marks, 8K resolution, clean aesthetic, commercial product shot"